Workbook

Sheet #1. 재무상태표
A1: 재 무 상 태 표
A2: 제 8 기 2024년 12월 31일 현재
A3: 제 7 기 2023년 12월 31일 현재
A5: 서울교통공사 | I5: (단위 : 원)
B6: 과 목 | F6: 제 8 기 (2024.12.31.) | H6: 제 7 기 (2023.12.31.)
A7: 자 산
A8: Ⅰ. | B8: 유동자산 | G8: 644254172265 | I8: 634283639310 | L8: =F8/100 -> 0 | M8: =G8/100 -> 6.4425417e+09 | O8: =I8/100 -> 6.3428364e+09 | Q8: =M8-O8 -> 99705330
A9: (1) | C9: 당좌자산 | G9: 557662343563 | I9: 550079047284 | L9: =F9/100 -> 0 | M9: =G9/100 -> 5.5766234e+09 | N9: =H9/100 -> 0 | O9: =I9/100 -> 5.5007905e+09 | P9: =L9-N9 -> 0 | Q9: =M9-O9 -> 75832963
D10: 현금및현금성자산 | F10: 505424667593 | H10: 551033407060 | L10: =F10/100 -> 5.0542467e+09 | M10: =G10/100 -> 0 | N10: =H10/100 -> 5.5103341e+09 | O10: =I10/100 -> 0 | P10: =L10-N10 -> -4.5608739e+08 | Q10: =M10-O10 -> 0
D11: (정부보조금) | F11: -85898864984 | H11: -92047422948 | L11: =F11/100 -> -8.5898865e+08 | M11: =G11/100 -> 0 | N11: =H11/100 -> -9.2047423e+08 | O11: =I11/100 -> 0 | P11: =L11-N11 -> 61485580 | Q11: =M11-O11 -> 0
D12: (지자체보조금) | F12: -2447022885 | H12: -831504818 | L12: =F12/100 -> -24470229 | M12: =G12/100 -> 0 | N12: =H12/100 -> -8315048.2 | O12: =I12/100 -> 0 | P12: =L12-N12 -> -16155181 | Q12: =M12-O12 -> 0
D13: (수탁자산취득보조금) | F13: -9344151294 | H13: -6908541250 | L13: =F13/100 -> -93441513 | M13: =G13/100 -> 0 | N13: =H13/100 -> -69085412 | O13: =I13/100 -> 0 | P13: =L13-N13 -> -24356100 | Q13: =M13-O13 -> 0
D14: 단기금융상품 | F14: 0 | H14: 0 | L14: =F14/100 -> 0 | M14: =G14/100 -> 0 | N14: =H14/100 -> 0 | O14: =I14/100 -> 0 | P14: =L14-N14 -> 0 | Q14: =M14-O14 -> 0
D15: 단기대여금 | F15: 1341011674 | H15: 1224834050 | L15: =F15/100 -> 13410117 | M15: =G15/100 -> 0 | N15: =H15/100 -> 12248340 | O15: =I15/100 -> 0 | P15: =L15-N15 -> 1161776.2 | Q15: =M15-O15 -> 0
D16: 매출채권 | F16: 167517195603 | H16: 118402009024 | L16: =F16/100 -> 1.675172e+09 | M16: =G16/100 -> 0 | N16: =H16/100 -> 1.1840201e+09 | O16: =I16/100 -> 0 | P16: =L16-N16 -> 4.9115187e+08 | Q16: =M16-O16 -> 0
D17: (대손충당금) | F17: -33299162455 | H17: -29024573170 | L17: =F17/100 -> -3.3299162e+08 | M17: =G17/100 -> 0 | N17: =H17/100 -> -2.9024573e+08 | O17: =I17/100 -> 0 | P17: =L17-N17 -> -42745893 | Q17: =M17-O17 -> 0
D18: 미수금 | F18: 43218431794 | H18: 37217687792 | L18: =F18/100 -> 4.3218432e+08 | M18: =G18/100 -> 0 | N18: =H18/100 -> 3.7217688e+08 | O18: =I18/100 -> 0 | P18: =L18-N18 -> 60007440 | Q18: =M18-O18 -> 0
D19: (대손충당금) | F19: -34832030536 | H19: -34084890823 | L19: =F19/100 -> -3.4832031e+08 | M19: =G19/100 -> 0 | N19: =H19/100 -> -3.4084891e+08 | O19: =I19/100 -> 0 | P19: =L19-N19 -> -7471397.1 | Q19: =M19-O19 -> 0
D20: 미수수익 | F20: 698841011 | H20: 333053762 | L20: =F20/100 -> 6988410.1 | M20: =G20/100 -> 0 | N20: =H20/100 -> 3330537.6 | O20: =I20/100 -> 0 | P20: =L20-N20 -> 3657872.5 | Q20: =M20-O20 -> 0
D21: 선급금 | F21: 786595011 | H21: 379580278 | L21: =F21/100 -> 7865950.1 | M21: =G21/100 -> 0 | N21: =H21/100 -> 3795802.8 | O21: =I21/100 -> 0 | P21: =L21-N21 -> 4070147.3 | Q21: =M21-O21 -> 0
... D25: 기타의당좌자산 | F25: 1109344340 | H25: 1110234360 | L25: =F25/100 -> 11093443 | M25: =G25/100 -> 0 | N25: =H25/100 -> 11102344 | O25: =I25/100 -> 0 | P25: =L25-N25 -> -8900.2 | Q25: =M25-O25 -> 0
A26: (2) | C26: 재고자산 | G26: 86591828702 | I26: 84204592026 | L26: =F26/100 -> 0 | M26: =G26/100 -> 8.6591829e+08 | N26: =H26/100 -> 0 | O26: =I26/100 -> 8.4204592e+08 | P26: =L26-N26 -> 0 | Q26: =M26-O26 -> 23872367
D27: 저장품 | F27: 85531091203 | H27: 83379199213 | L27: =F27/100 -> 8.5531091e+08 | M27: =G27/100 -> 0 | N27: =H27/100 -> 8.3379199e+08 | O27: =I27/100 -> 0 | P27: =L27-N27 -> 21518920 | Q27: =M27-O27 -> 0
D28: 미착품 | F28: 1060737499 | H28: 825392813 | L28: =F28/100 -> 10607375 | M28: =G28/100 -> 0 | N28: =H28/100 -> 8253928.1 | O28: =I28/100 -> 0 | P28: =L28-N28 -> 2353446.9 | Q28: =M28-O28 -> 0
A29: Ⅱ. | B29: 비유동자산 | G29: 15159339038516 | I29: 15033291613809 | L29: =F29/100 -> 0 | M29: =G29/100 -> 1.5159339e+11 | N29: =H29/100 -> 0 | O29: =I29/100 -> 1.5033292e+11 | P29: =L29-N29 -> 0 | Q29: =M29-O29 -> 1.2604742e+09
A30: (1) | C30: 투자자산 | G30: 124267528297 | I30: 93430804361 | L30: =F30/100 -> 0 | M30: =G30/100 -> 1.2426753e+09 | N30: =H30/100 -> 0 | O30: =I30/100 -> 9.3430804e+08 | P30: =L30-N30 -> 0 | Q30: =M30-O30 -> 3.0836724e+08
D31: 매도가능증권 | F31: 527685720 | H31: 503257100 | L31: =F31/100 -> 5276857.2 | M31: =G31/100 -> 0 | N31: =H31/100 -> 5032571 | O31: =I31/100 -> 0 | P31: =L31-N31 -> 244286.2 | Q31: =M31-O31 -> 0
D32: 장기대여금 | F32: 46189308210 | H32: 49850573827 | L32: =F32/100 -> 4.6189308e+08 | M32: =G32/100 -> 0 | N32: =H32/100 -> 4.9850574e+08 | O32: =I32/100 -> 0 | P32: =L32-N32 -> -36612656 | Q32: =M32-O32 -> 0
D33: 지분법적용투자주식 | F33: 77550534367 | H33: 43076973434 | L33: =F33/100 -> 7.7550534e+08 | M33: =G33/100 -> 0 | N33: =H33/100 -> 4.3076973e+08 | O33: =I33/100 -> 0 | P33: =L33-N33 -> 3.4473561e+08 | Q33: =M33-O33 -> 0
C34: 4. | D34: 장기금융상품 | L34: =F34/100 -> 0 | M34: =G34/100 -> 0 | N34: =H34/100 -> 0 | O34: =I34/100 -> 0 | P34: =L34-N34 -> 0 | Q34: =M34-O34 -> 0
A35: (2) | C35: 유형자산 | G35: 14905617649144 | I35: 14808202023897 | L35: =F35/100 -> 0 | M35: =G35/100 -> 1.4905618e+11 | N35: =H35/100 -> 0 | O35: =I35/100 -> 1.4808202e+11 | P35: =L35-N35 -> 0 | Q35: =M35-O35 -> 9.7415625e+08
D36: 토지 | F36: 4858772779849 | H36: 4859347139849 | L36: =F36/100 -> 4.8587728e+10 | M36: =G36/100 -> 0 | N36: =H36/100 -> 4.8593471e+10 | O36: =I36/100 -> 0 | P36: =L36-N36 -> -5743600 | Q36: =M36-O36 -> 0
D37: 건물 | F37: 517357472055 | H37: 512305191446 | L37: =F37/100 -> 5.1735747e+09 | M37: =G37/100 -> 0 | N37: =H37/100 -> 5.1230519e+09 | O37: =I37/100 -> 0 | P37: =L37-N37 -> 50522806 | Q37: =M37-O37 -> 0
D38: (감가상각누계액) | F38: -345541442477 | H38: -336807939016 | L38: =F38/100 -> -3.4554144e+09 | M38: =G38/100 -> 0 | N38: =H38/100 -> -3.3680794e+09 | O38: =I38/100 -> 0 | P38: =L38-N38 -> -87335035 | Q38: =M38-O38 -> 0
D39: (정부보조금) | F39: -876142410 | H39: -836085236 | L39: =F39/100 -> -8761424.1 | M39: =G39/100 -> 0 | N39: =H39/100 -> -8360852.4 | O39: =I39/100 -> 0 | P39: =L39-N39 -> -400571.74 | Q39: =M39-O39 -> 0
D40: 기계장치 | F40: 105744995363 | H40: 103814389417 | L40: =F40/100 -> 1.05745e+09 | M40: =G40/100 -> 0 | N40: =H40/100 -> 1.0381439e+09 | O40: =I40/100 -> 0 | P40: =L40-N40 -> 19306059 | Q40: =M40-O40 -> 0
D41: (감가상각누계액) | F41: -65080335660 | H41: -62773853942 | L41: =F41/100 -> -6.5080336e+08 | M41: =G41/100 -> 0 | N41: =H41/100 -> -6.2773854e+08 | O41: =I41/100 -> 0 | P41: =L41-N41 -> -23064817 | Q41: =M41-O41 -> 0
D42: (정부보조금) | F42: -19627123 | H42: -23423123
D43: 선로설비 | F43: 12583143288195 | H43: 12443228689235 | L43: =F43/100 -> 1.2583143e+11 | M43: =G43/100 -> 0 | N43: =H43/100 -> 1.2443229e+11 | O43: =I43/100 -> 0 | P43: =L43-N43 -> 1.399146e+09 | Q43: =M43-O43 -> 0
D44: (감가상각누계액) | F44: -5614796049920 | H44: -5389750000975 | L44: =F44/100 -> -5.614796e+10 | M44: =G44/100 -> 0 | N44: =H44/100 -> -5.38975e+10 | O44: =I44/100 -> 0 | P44: =L44-N44 -> -2.2504605e+09 | Q44: =M44-O44 -> 0
D45: (정부보조금) | F45: -198684323807 | H45: -198602487178 | L45: =F45/100 -> -1.9868432e+09 | M45: =G45/100 -> 0 | N45: =H45/100 -> -1.9860249e+09 | O45: =I45/100 -> 0 | P45: =L45-N45 -> -818366.29 | Q45: =M45-O45 -> 0
D46: (지자체보조금) | F46: -679086579 | H46: -718370893 | L46: =F46/100 -> -6790865.8 | M46: =G46/100 -> 0 | N46: =H46/100 -> -7183708.9 | O46: =I46/100 -> 0 | P46: =L46-N46 -> 392843.14 | Q46: =M46-O46 -> 0
D47: 전로설비 | F47: 2485119538611 | H47: 2396635397052 | L47: =F47/100 -> 2.4851195e+10 | M47: =G47/100 -> 0 | N47: =H47/100 -> 2.3966354e+10 | O47: =I47/100 -> 0 | P47: =L47-N47 -> 8.8484142e+08 | Q47: =M47-O47 -> 0
D48: (감가상각누계액) | F48: -1468892207142 | H48: -1428884786570 | L48: =F48/100 -> -1.4688922e+10 | M48: =G48/100 -> 0 | N48: =H48/100 -> -1.4288848e+10 | O48: =I48/100 -> 0 | P48: =L48-N48 -> -4.0007421e+08 | Q48: =M48-O48 -> 0
D49: (정부보조금) | F49: -98093757778 | H49: -84826094054 | L49: =F49/100 -> -9.8093758e+08 | M49: =G49/100 -> 0 | N49: =H49/100 -> -8.4826094e+08 | O49: =I49/100 -> 0 | P49: =L49-N49 -> -1.3267664e+08 | Q49: =M49-O49 -> 0
D50: (지자체보조금) | F50: -301659106 | H50: -110755141 | N50: =H50/100 -> -1107551.4
D51: 전동차량 | F51: 3171323079163 | H51: 3025962242785 | L51: =F51/100 -> 3.1713231e+10 | M51: =G51/100 -> 0 | N51: =H51/100 -> 3.0259622e+10 | O51: =I51/100 -> 0 | P51: =L51-N51 -> 1.4536084e+09 | Q51: =M51-O51 -> 0
D52: (감가상각누계액) | F52: -1638016653448 | H52: -1642209485976 | L52: =F52/100 -> -1.6380167e+10 | M52: =G52/100 -> 0 | N52: =H52/100 -> -1.6422095e+10 | O52: =I52/100 -> 0 | P52: =L52-N52 -> 41928325 | Q52: =M52-O52 -> 0
D53: (정부보조금) | F53: -30888557317 | H53: -5066210919 | L53: =F53/100 -> -3.0888557e+08 | M53: =G53/100 -> 0 | N53: =H53/100 -> -50662109 | O53: =I53/100 -> 0 | P53: =L53-N53 -> -2.5822346e+08 | Q53: =M53-O53 -> 0
D54: 차량운반구 | F54: 6741376285 | H54: 6721543356 | L54: =F54/100 -> 67413763 | M54: =G54/100 -> 0 | N54: =H54/100 -> 67215434 | O54: =I54/100 -> 0 | P54: =L54-N54 -> 198329.29 | Q54: =M54-O54 -> 0
D55: (감가상각누계액) | F55: -5491826938 | H55: -5179030335 | L55: =F55/100 -> -54918269 | M55: =G55/100 -> 0 | N55: =H55/100 -> -51790303 | O55: =I55/100 -> 0 | P55: =L55-N55 -> -3127966 | Q55: =M55-O55 -> 0
D56: (정부보조금) | F56: -158370826 | H56: -233355731 | L56: =F56/100 -> -1583708.3 | M56: =G56/100 -> 0 | N56: =H56/100 -> -2333557.3 | O56: =I56/100 -> 0 | P56: =L56-N56 -> 749849.05 | Q56: =M56-O56 -> 0
D57: (지자체보조금) | F57: -392060820 | H57: -604588996 | L57: =F57/100 -> -3920608.2 | M57: =G57/100 -> 0 | N57: =H57/100 -> -6045890 | O57: =I57/100 -> 0 | P57: =L57-N57 -> 2125281.8 | Q57: =M57-O57 -> 0
D58: 공기구비품 | F58: 137894290212 | H58: 132955987389 | L58: =F58/100 -> 1.3789429e+09 | M58: =G58/100 -> 0 | N58: =H58/100 -> 1.3295599e+09 | O58: =I58/100 -> 0 | P58: =L58-N58 -> 49383028 | Q58: =M58-O58 -> 0
D59: (감가상각누계액) | F59: -116634585803 | H59: -113941204150 | L59: =F59/100 -> -1.1663459e+09 | M59: =G59/100 -> 0 | N59: =H59/100 -> -1.139412e+09 | O59: =I59/100 -> 0 | P59: =L59-N59 -> -26933817 | Q59: =M59-O59 -> 0
D60: (정부보조금) | F60: -569393024 | H60: -688154096 | L60: =F60/100 -> -5693930.2 | M60: =G60/100 -> 0 | N60: =H60/100 -> -6881541 | O60: =I60/100 -> 0 | P60: =L60-N60 -> 1187610.7 | Q60: =M60-O60 -> 0
D61: (지자체보조금) | F61: -32430992 | H61: -115139704 | L61: =F61/100 -> -324309.92 | M61: =G61/100 -> 0 | N61: =H61/100 -> -1151397 | O61: =I61/100 -> 0 | P61: =L61-N61 -> 827087.12 | Q61: =M61-O61 -> 0
D62: 기타의유형자산 | F62: 8858466080 | H62: 8742800140 | L62: =F62/100 -> 88584661 | M62: =G62/100 -> 0 | N62: =H62/100 -> 87428001 | O62: =I62/100 -> 0 | P62: =L62-N62 -> 1156659.4 | Q62: =M62-O62 -> 0
... D68: (수탁자산보조금) | F68: -66301883632 | H68: -63317204569 | L68: =F68/100 -> -6.6301884e+08 | M68: =G68/100 -> 0 | N68: =H68/100 -> -6.3317205e+08 | O68: =I68/100 -> 0 | P68: =L68-N68 -> -29846791 | Q68: =M68-O68 -> 0
A69: (3) | C69: 무형자산 | G69: 108915014782 | I69: 112740412722 | L69: =F69/100 -> 0 | M69: =G69/100 -> 1.0891501e+09 | N69: =H69/100 -> 0 | O69: =I69/100 -> 1.1274041e+09 | P69: =L69-N69 -> 0 | Q69: =M69-O69 -> -38253979
D70: 산업재산권 | F70: 54465449 | H70: 72438698 | L70: =F70/100 -> 544654.49 | M70: =G70/100 -> 0 | N70: =H70/100 -> 724386.98 | O70: =I70/100 -> 0 | P70: =L70-N70 -> -179732.49 | Q70: =M70-O70 -> 0
D71: 차지권 | F71: 99600438211 | H71: 99600438211 | L71: =F71/100 -> 9.9600438e+08 | M71: =G71/100 -> 0 | N71: =H71/100 -> 9.9600438e+08 | O71: =I71/100 -> 0 | P71: =L71-N71 -> 0 | Q71: =M71-O71 -> 0
D72: 소프트웨어 | F72: 9851553414 | H72: 13897444067 | L72: =F72/100 -> 98515534 | M72: =G72/100 -> 0 | N72: =H72/100 -> 1.3897444e+08 | O72: =I72/100 -> 0 | P72: =L72-N72 -> -40458907 | Q72: =M72-O72 -> 0
D73: (정부보조금) | F73: -591442292 | H73: -829908254 | L73: =F73/100 -> -5914422.9 | M73: =G73/100 -> 0 | N73: =H73/100 -> -8299082.5 | O73: =I73/100 -> 0 | P73: =L73-N73 -> 2384659.6 | Q73: =M73-O73 -> 0
D74: 무형자산수탁자산 | F74: 1095416912 | H74: 1095416912 | L74: =F74/100 -> 10954169 | M74: =G74/100 -> 0 | N74: =H74/100 -> 10954169 | O74: =I74/100 -> 0 | P74: =L74-N74 -> 0 | Q74: =M74-O74 -> 0
D75: (감가상각누계액) | F75: -1052753018 | H75: -1019362797 | L75: =F75/100 -> -10527530 | M75: =G75/100 -> 0 | N75: =H75/100 -> -10193628 | O75: =I75/100 -> 0 | P75: =L75-N75 -> -333902.21 | Q75: =M75-O75 -> 0
D76: (수탁자산보조금) | F76: -42663894 | H76: -76054115 | L76: =F76/100 -> -426638.94 | M76: =G76/100 -> 0 | N76: =H76/100 -> -760541.15 | O76: =I76/100 -> 0 | P76: =L76-N76 -> 333902.21 | Q76: =M76-O76 -> 0
A77: (4) | C77: 기타비유동자산 | G77: 20538846293 | I77: 18918372829 | L77: =F77/100 -> 0 | M77: =G77/100 -> 2.0538846e+08 | N77: =H77/100 -> 0 | O77: =I77/100 -> 1.8918373e+08 | P77: =L77-N77 -> 0 | Q77: =M77-O77 -> 16204735
D78: 보증금 | F78: 2851396500 | H78: 2721396500 | L78: =F78/100 -> 28513965 | M78: =G78/100 -> 0 | N78: =H78/100 -> 27213965 | O78: =I78/100 -> 0 | P78: =L78-N78 -> 1300000 | Q78: =M78-O78 -> 0
D79: 장기미수금 | F79: 1241309884 | H79: 1241309884 | L79: =F79/100 -> 12413099 | M79: =G79/100 -> 0 | N79: =H79/100 -> 12413099 | O79: =I79/100 -> 0 | P79: =L79-N79 -> 0 | Q79: =M79-O79 -> 0
D80: (대손충당금) | F80: -1179746238 | H80: -1179746238 | L80: =F80/100 -> -11797462 | M80: =G80/100 -> 0 | N80: =H80/100 -> -11797462 | O80: =I80/100 -> 0 | P80: =L80-N80 -> 0 | Q80: =M80-O80 -> 0
D81: 기타의비유동자산 | F81: 17625886147 | H81: 16135412683 | L81: =F81/100 -> 1.7625886e+08 | M81: =G81/100 -> 0 | N81: =H81/100 -> 1.6135413e+08 | O81: =I81/100 -> 0 | P81: =L81-N81 -> 14904735 | Q81: =M81-O81 -> 0
B82: 자산총계 | G82: 15803593210781 | I82: 15667575253119 | L82: =F82/100 -> 0 | M82: =G82/100 -> 1.5803593e+11 | N82: =H82/100 -> 0 | O82: =I82/100 -> 1.5667575e+11 | P82: =L82-N82 -> 0 | Q82: =M82-O82 -> 1.3601796e+09
A83: 부 채 | L83: =F83/100 -> 0 | M83: =G83/100 -> 0 | N83: =H83/100 -> 0 | O83: =I83/100 -> 0 | P83: =L83-N83 -> 0 | Q83: =M83-O83 -> 0
A84: Ⅰ. | B84: 유동부채 | G84: 1346696497768 | I84: 966877695951 | L84: =F84/100 -> 0 | M84: =G84/100 -> 1.3466965e+10 | N84: =H84/100 -> 0 | O84: =I84/100 -> 9.668777e+09 | P84: =L84-N84 -> 0 | Q84: =M84-O84 -> 3.798188e+09
D85: 단기차입금 | F85: 0 | H85: 0 | L85: =F85/100 -> 0 | M85: =G85/100 -> 0 | N85: =H85/100 -> 0 | O85: =I85/100 -> 0 | P85: =L85-N85 -> 0 | Q85: =M85-O85 -> 0
D86: 미지급금 | F86: 318514580142 | H86: 292859450303 | L86: =F86/100 -> 3.1851458e+09 | M86: =G86/100 -> 0 | N86: =H86/100 -> 2.9285945e+09 | O86: =I86/100 -> 0 | P86: =L86-N86 -> 2.565513e+08 | Q86: =M86-O86 -> 0
D87: 미지급비용 | F87: 216044448441 | H87: 76742186981 | L87: =F87/100 -> 2.1604445e+09 | M87: =G87/100 -> 0 | N87: =H87/100 -> 7.6742187e+08 | O87: =I87/100 -> 0 | P87: =L87-N87 -> 1.3930226e+09 | Q87: =M87-O87 -> 0
D88: 선수금 | F88: 2487453543 | H88: 3822369213 | L88: =F88/100 -> 24874535 | M88: =G88/100 -> 0 | N88: =H88/100 -> 38223692 | O88: =I88/100 -> 0 | P88: =L88-N88 -> -13349157 | Q88: =M88-O88 -> 0
D89: 예수금 | F89: 89565458749 | H89: 48354481842 | L89: =F89/100 -> 8.9565459e+08 | M89: =G89/100 -> 0 | N89: =H89/100 -> 4.8354482e+08 | O89: =I89/100 -> 0 | P89: =L89-N89 -> 4.1210977e+08 | Q89: =M89-O89 -> 0
D90: 유동성장기부채 | F90: 643000000000 | H90: 440000000000 | L90: =F90/100 -> 6430000000 | M90: =G90/100 -> 0 | N90: =H90/100 -> 4400000000 | O90: =I90/100 -> 0 | P90: =L90-N90 -> 2030000000 | Q90: =M90-O90 -> 0
D91: 예수부가세 | F91: 8343631571 | H91: 1017174 | L91: =F91/100 -> 83436316 | M91: =G91/100 -> 0 | N91: =H91/100 -> 10171.74 | O91: =I91/100 -> 0 | P91: =L91-N91 -> 83426144 | Q91: =M91-O91 -> 0
D92: 선수수익 | F92: 10766364487 | H92: 17980333140 | L92: =F92/100 -> 1.0766364e+08 | M92: =G92/100 -> 0 | N92: =H92/100 -> 1.7980333e+08 | O92: =I92/100 -> 0 | P92: =L92-N92 -> -72139687 | Q92: =M92-O92 -> 0
D93: 예수보증금 | F93: 2028709821 | H93: 2369517069 | L93: =F93/100 -> 20287098 | M93: =G93/100 -> 0 | N93: =H93/100 -> 23695171 | O93: =I93/100 -> 0 | P93: =L93-N93 -> -3408072.5 | Q93: =M93-O93 -> 0
D94: 소송충당부채 | F94: 37064113754 | H94: 58683173526 | L94: =F94/100 -> 3.7064114e+08 | M94: =G94/100 -> 0 | N94: =H94/100 -> 5.8683174e+08 | O94: =I94/100 -> 0 | P94: =L94-N94 -> -2.161906e+08 | Q94: =M94-O94 -> 0
D95: 기타의유동부채 | F95: 18881737260 | H95: 26065166703 | L95: =F95/100 -> 1.8881737e+08 | M95: =G95/100 -> 0 | N95: =H95/100 -> 2.6065167e+08 | O95: =I95/100 -> 0 | P95: =L95-N95 -> -71834294 | Q95: =M95-O95 -> 0
A96: Ⅱ. | B96: 비유동부채 | G96: 6000627107460 | I96: 5865286702007 | L96: =F96/100 -> 0 | M96: =G96/100 -> 6.0006271e+10 | N96: =H96/100 -> 0 | O96: =I96/100 -> 5.8652867e+10 | P96: =L96-N96 -> 0 | Q96: =M96-O96 -> 1.3534041e+09
D97: 사채 | F97: 3395000000000 | H97: 3368000000000 | L97: =F97/100 -> 33950000000 | M97: =G97/100 -> 0 | N97: =H97/100 -> 33680000000 | O97: =I97/100 -> 0 | P97: =L97-N97 -> 270000000 | Q97: =M97-O97 -> 0
D98: (사채할인발행차금) | F98: -558027956 | H98: -611194616 | L98: =F98/100 -> -5580279.6 | M98: =G98/100 -> 0 | N98: =H98/100 -> -6111946.2 | O98: =I98/100 -> 0 | P98: =L98-N98 -> 531666.6 | Q98: =M98-O98 -> 0
D99: 공채 | F99: 0 | H99: 0 | L99: =F99/100 -> 0 | M99: =G99/100 -> 0 | N99: =H99/100 -> 0 | O99: =I99/100 -> 0 | P99: =L99-N99 -> 0 | Q99: =M99-O99 -> 0
D100: 장기차입금 | F100: 150000000000 | H100: 150000000000 | L100: =F100/100 -> 1500000000 | M100: =G100/100 -> 0 | N100: =H100/100 -> 1500000000 | O100: =I100/100 -> 0 | P100: =L100-N100 -> 0 | Q100: =M100-O100 -> 0
D101: 장기미지급금 | F101: 129804800 | H101: 157070000 | L101: =F101/100 -> 1298048 | M101: =G101/100 -> 0 | N101: =H101/100 -> 1570700 | O101: =I101/100 -> 0 | P101: =L101-N101 -> -272652 | Q101: =M101-O101 -> 0
D102: (현재가치할인차금) | F102: - | H102: - | L102: =F102/100 -> #VALUE! | M102: =G102/100 -> 0 | N102: =H102/100 -> #VALUE! | O102: =I102/100 -> 0 | P102: =L102-N102 -> #VALUE! | Q102: =M102-O102 -> 0
D103: 장기미지급비용 | F103: 0 | H103: 0 | L103: =F103/100 -> 0 | M103: =G103/100 -> 0 | N103: =H103/100 -> 0 | O103: =I103/100 -> 0 | P103: =L103-N103 -> 0 | Q103: =M103-O103 -> 0
D104: 퇴직급여충당부채 | F104: 1421029254699 | H104: 1313993652471 | L104: =F104/100 -> 1.4210293e+10 | M104: =G104/100 -> 0 | N104: =H104/100 -> 1.3139937e+10 | O104: =I104/100 -> 0 | P104: =L104-N104 -> 1.070356e+09 | Q104: =M104-O104 -> 0
D105: (국민연금전환금) | F105: -254005070 | H105: -263344770 | L105: =F105/100 -> -2540050.7 | M105: =G105/100 -> 0 | N105: =H105/100 -> -2633447.7 | O105: =I105/100 -> 0 | P105: =L105-N105 -> 93397 | Q105: =M105-O105 -> 0
D106: 장기선수수익 | F106: 8560246150 | H106: 12097703986 | L106: =F106/100 -> 85602462 | M106: =G106/100 -> 0 | N106: =H106/100 -> 1.2097704e+08 | O106: =I106/100 -> 0 | P106: =L106-N106 -> -35374578 | Q106: =M106-O106 -> 0
D107: 기타의비유동부채 | F107: 64554991410 | H107: 59636557644 | L107: =F107/100 -> 6.4554991e+08 | M107: =G107/100 -> 0 | N107: =H107/100 -> 5.9636558e+08 | O107: =I107/100 -> 0 | P107: =L107-N107 -> 49184338 | Q107: =M107-O107 -> 0
D108: 이연법인세부채 | F108: 962164843427 | H108: 962276257292 | L108: =F108/100 -> 9.6216484e+09 | M108: =G108/100 -> 0 | N108: =H108/100 -> 9.6227626e+09 | O108: =I108/100 -> 0 | P108: =L108-N108 -> -1114138.6 | Q108: =M108-O108 -> 0
B109: 부채총계 | G109: 7347323605228 | I109: 6832164397958 | L109: =F109/100 -> 0 | M109: =G109/100 -> 7.3473236e+10 | N109: =H109/100 -> 0 | O109: =I109/100 -> 6.8321644e+10 | P109: =L109-N109 -> 0 | Q109: =M109-O109 -> 5.1515921e+09
...

Sheet #2. 손익계산서
A1: 손 익 계 산 서
A2: 제 8 기 2024년 1월 1일부터 2024년 12월 31일까지
A3: 제 7 기 2023년 1월 1일부터 2023년 12월 31일까지
A5: 서울교통공사 | I5: (단위 : 원)
B6: 과 목 | F6: 제 8 기 | H6: 제 7 기
A7: Ⅰ. | B7: 매출액 | G7: 2068192612476 | I7: 1870727392171 | K7: 영업수익 | L7: 총수익 | M7: =(G7+G50)/100 -> 2.4334807e+10 | N7: =(I7+I50)/100 -> 2.3222919e+10 | O7: =M7-N7 -> 1.1118885e+09 | P7: =G7/100 -> 2.0681926e+10 | Q7: =I7/100 -> 1.8707274e+10 | U7: =F7/100 -> 0 | V7: =G7/100 -> 2.0681926e+10 | W7: =H7/100 -> 0 | X7: =I7/100 -> 1.8707274e+10 | Z7: =U7-W7 -> 0 | AA7: =V7-X7 -> 1.9746522e+09
B8: 1. | C8: 운영사업수익 | G8: 1888104809216 | I8: 1777443369313 | K8: 운수사업수익 | L8: 총비용 | M8: =(G17+G24+G65)/100 -> 3.1576076e+10 | N8: =(I17+I24+I65)/100 -> 2.8395791e+10 | O8: =M8-N8 -> 3.1802846e+09 | P8: =F9/100 -> 1.5783652e+10 | Q8: =H9/100 -> 1.4725476e+10 | U8: =F8/100 -> 0 | V8: =G8/100 -> 1.8881048e+10 | W8: =H8/100 -> 0 | X8: =I8/100 -> 1.7774434e+10 | Z8: =U8-W8 -> 0 | AA8: =V8-X8 -> 1.1066144e+09
C9: (1) | D9: 운수사업수익 | F9: 1578365191559 | H9: 1472547565464 | K9: 부대사업수익 | L9: 순이익 | M9: =M7-M8 -> -7.2412685e+09 | N9: =N7-N8 -> -5.1728724e+09 | O9: =M9-N9 -> -2.068396e+09 | P9: =F10/100 -> 1.9352182e+09 | Q9: =H10/100 -> 1.9744802e+09 | U9: =F9/100 -> 1.5783652e+10 | V9: =G9/100 -> 0 | W9: =H9/100 -> 1.4725476e+10 | X9: =I9/100 -> 0 | Z9: =U9-W9 -> 1.0581763e+09 | AA9: =V9-X9 -> 0
C10: (2) | D10: 부대사업수익 | F10: 193521822246 | H10: 197448016699 | K10: 기타사업수익 | P10: =F11/100 -> 1.162178e+09 | Q10: =H11/100 -> 1.0744779e+09 | U10: =F10/100 -> 1.9352182e+09 | V10: =G10/100 -> 0 | W10: =H10/100 -> 1.9744802e+09 | X10: =I10/100 -> 0 | Z10: =U10-W10 -> -39261945 | AA10: =V10-X10 -> 0
C11: (3) | D11: 기타사업수익 | F11: 116217795411 | H11: 107447787150 | K11: 수탁사업수익 | P11: =G12/100 -> 1.800878e+09 | Q11: =I12/100 -> 9.3284023e+08 | U11: =F11/100 -> 1.162178e+09 | V11: =G11/100 -> 0 | W11: =H11/100 -> 1.0744779e+09 | X11: =I11/100 -> 0 | Z11: =U11-W11 -> 87700083 | AA11: =V11-X11 -> 0
B12: 2. | C12: 수탁사업수익 | G12: 180087803260 | I12: 93284022858 | U12: =F12/100 -> 0 | V12: =G12/100 -> 1.800878e+09 | W12: =H12/100 -> 0 | X12: =I12/100 -> 9.3284023e+08 | Z12: =U12-W12 -> 0 | AA12: =V12-X12 -> 8.680378e+08
C13: (1) | D13: 운수사업수익 | F13: 0 | H13: 0 | K13: 영업외수익 | P13: =G50/100 -> 3.6528812e+09 | Q13: =I50/100 -> 4.5156449e+09 | U13: =F13/100 -> 0 | V13: =G13/100 -> 0 | W13: =H13/100 -> 0 | X13: =I13/100 -> 0 | Z13: =U13-W13 -> 0 | AA13: =V13-X13 -> 0
C14: (2) | D14: 부대사업수익 | F14: 0 | H14: 0 | K14: 이자수익 | P14: =F51/100 -> 1.5291672e+08 | Q14: =H51/100 -> 1.1378563e+08 | U14: =F14/100 -> 0 | V14: =G14/100 -> 0 | W14: =H14/100 -> 0 | X14: =I14/100 -> 0 | Z14: =U14-W14 -> 0 | AA14: =V14-X14 -> 0
C15: (3) | D15: 기타사업수익 | F15: 0 | H15: 0 | K15: 자산수증이익 | P15: =F60/100 -> 1.00465e+08 | Q15: =H60/100 -> 5.5284292e+08 | U15: =F15/100 -> 0 | V15: =G15/100 -> 0 | W15: =H15/100 -> 0 | X15: =I15/100 -> 0 | Z15: =U15-W15 -> 0 | AA15: =V15-X15 -> 0
C16: 대행사업수익 | F16: 180087803260 | H16: 93284022858 | K16: 잡이익 | P16: =SUM(F54,F55,F63,F64)/100 -> 3.0819677e+09 | Q16: =SUM(#REF!,H55,H64,#REF!)/100 -> #REF! | U16: =F16/100 -> 1.800878e+09 | V16: =G16/100 -> 0 | W16: =H16/100 -> 9.3284023e+08 | X16: =I16/100 -> 0 | Z16: =U16-W16 -> 8.680378e+08 | AA16: =V16-X16 -> 0
A17: Ⅱ. | B17: 매출원가 | G17: 2869939304930 | I17: 2553455761808 | U17: =F17/100 -> 0 | V17: =G17/100 -> 2.8699393e+10 | W17: =H17/100 -> 0 | X17: =I17/100 -> 2.5534558e+10 | Z17: =U17-W17 -> 0 | AA17: =V17-X17 -> 3.1648354e+09
B18: 1. | C18: 운영사업원가 | F18: 2689851501670 | H18: 2460171738950 | U18: =F18/100 -> 2.6898515e+10 | V18: =G18/100 -> 0 | W18: =H18/100 -> 2.4601717e+10 | X18: =I18/100 -> 0 | Z18: =U18-W18 -> 2.2967976e+09 | AA18: =V18-X18 -> 0
B19: 2. | C19: 수탁사업원가 | F19: 180087803260 | H19: 93284022858 | K19: 영업비용 | P19: =(G17+G24)/100 -> 3.0136843e+10 | Q19: =(I17+I24)/100 -> 27159285361 | U19: =F19/100 -> 1.800878e+09 | V19: =G19/100 -> 0 | W19: =H19/100 -> 9.3284023e+08 | X19: =I19/100 -> 0 | Z19: =U19-W19 -> 8.680378e+08 | AA19: =V19-X19 -> 0
C20: (1) | D20: 7호선 연장구간 | U20: =F20/100 -> 0 | V20: =G20/100 -> 0 | W20: =H20/100 -> 0 | X20: =I20/100 -> 0 | Z20: =U20-W20 -> 0 | AA20: =V20-X20 -> 0
C21: (2) | D21: 9호선 2-3단계 운영 | U21: =F21/100 -> 0 | V21: =G21/100 -> 0 | W21: =H21/100 -> 0 | X21: =I21/100 -> 0 | Z21: =U21-W21 -> 0 | AA21: =V21-X21 -> 0
C22: (3) | D22: 잠실광역환승센터 | U22: =F22/100 -> 0 | V22: =G22/100 -> 0 | W22: =H22/100 -> 0 | X22: =I22/100 -> 0 | Z22: =U22-W22 -> 0 | AA22: =V22-X22 -> 0
A23: III. | B23: 매출총이익(손실) | G23: -801746692454 | I23: -682728369637 | K23: 인건비 | P23: =SUM('#3. 운영사업원가명세서'!F7,F25,F26)/100 -> 1.4205491e+10 | Q23: =SUM('#3. 운영사업원가명세서'!G8,'#3. 운영사업원가명세서'!G9,'#2. 손익계산서'!H25,'#2. 손익계산서'!H26)/100 -> 1.2202406e+10 | R23: =SUM('#3. 운영사업원가명세서'!F7,F25,F26)/100 -> 1.4205491e+10 | S23: =SUM('#3. 운영사업원가명세서'!G8,'#3. 운영사업원가명세서'!G9,'#2. 손익계산서'!H25,'#2. 손익계산서'!H26)/100 -> 1.2202406e+10 | U23: =F23/100 -> 0 | V23: =G23/100 -> -8.0174669e+09 | W23: =H23/100 -> 0 | X23: =I23/100 -> -6.8272837e+09 | Z23: =U23-W23 -> 0 | AA23: =V23-X23 -> -1.1901832e+09
A24: IV. | B24: 판매비와관리비 | G24: 143745027038 | I24: 162472774292 | K24: 경비 | P24: =SUM('#3. 운영사업원가명세서'!F10,'#2. 손익계산서'!F27:F48)/100 -> 1.4130474e+10 | Q24: =SUM('#3. 운영사업원가명세서'!H10,'#2. 손익계산서'!H27:H48)/100 -> 1.4024039e+10 | R24: =SUM('#3. 운영사업원가명세서'!F10,'#2. 손익계산서'!F27:F48)/100 -> 1.4130474e+10 | S24: =SUM('#3. 운영사업원가명세서'!H10,'#2. 손익계산서'!H27:H48)/100 -> 1.4024039e+10 | U24: =F24/100 -> 0 | V24: =G24/100 -> 1.4374503e+09 | W24: =H24/100 -> 0 | X24: =I24/100 -> 1.6247277e+09 | Z24: =U24-W24 -> 0 | AA24: =V24-X24 -> -1.8727747e+08
C25: 급여 | F25: 68940797557 | H25: 62563016685 | K25: 수탁원가 | P25: =F19/100 -> 1.800878e+09 | Q25: =H19/100 -> 9.3284023e+08 | U25: =F25/100 -> 6.8940798e+08 | V25: =G25/100 -> 0 | W25: =H25/100 -> 6.2563017e+08 | X25: =I25/100 -> 0 | Z25: =U25-W25 -> 63777809 | AA25: =V25-X25 -> 0
C26: 퇴직급여 | F26: 12268689630 | H26: 6259269090 | U26: =F26/100 -> 1.226869e+08 | V26: =G26/100 -> 0 | W26: =H26/100 -> 62592691 | X26: =I26/100 -> 0 | Z26: =U26-W26 -> 60094205 | AA26: =V26-X26 -> 0
C27: 복리후생비 | F27: 9841938088 | H27: 10082863973 | K27: 영업외비용 | P27: =G65/100 -> 1.4392325e+09 | Q27: =I65/100 -> 1.2365059e+09 | U27: =F27/100 -> 98419381 | V27: =G27/100 -> 0 | W27: =H27/100 -> 1.0082864e+08 | X27: =I27/100 -> 0 | Z27: =U27-W27 -> -2409258.9 | AA27: =V27-X27 -> 0
C28: 여비교통비 | F28: 133666778 | H28: 91237874 | K28: 이자비용 | P28: =F66/100 -> 1.3057433e+09 | Q28: =H66/100 -> 1.0538707e+09 | U28: =F28/100 -> 1336667.8 | V28: =G28/100 -> 0 | W28: =H28/100 -> 912378.74 | X28: =I28/100 -> 0 | Z28: =U28-W28 -> 424289.04 | AA28: =V28-X28 -> 0
C29: 공공요금및제세 | F29: 1983151298 | H29: 1428730770 | K29: 잡손실 | P29: =SUM(F67:F80)/100 -> 1.3348921e+08 | Q29: =SUM(H67:H80)/100 -> 1.8263517e+08 | U29: =F29/100 -> 19831513 | V29: =G29/100 -> 0 | W29: =H29/100 -> 14287308 | X29: =I29/100 -> 0 | Z29: =U29-W29 -> 5544205.3 | AA29: =V29-X29 -> 0
C30: 수도광열비 | F30: 269335206 | H30: 273506369 | U30: =F30/100 -> 2693352.1 | V30: =G30/100 -> 0 | W30: =H30/100 -> 2735063.7 | X30: =I30/100 -> 0 | Z30: =U30-W30 -> -41711.63 | AA30: =V30-X30 -> 0
C31: 소모품비 | F31: 305343623 | H31: 196233500 | U31: =F31/100 -> 3053436.2 | V31: =G31/100 -> 0 | W31: =H31/100 -> 1962335 | X31: =I31/100 -> 0 | Z31: =U31-W31 -> 1091101.2 | AA31: =V31-X31 -> 0
C32: 도서인쇄비 | F32: 249701176 | H32: 249444231 | U32: =F32/100 -> 2497011.8 | V32: =G32/100 -> 0 | W32: =H32/100 -> 2494442.3 | X32: =I32/100 -> 0 | Z32: =U32-W32 -> 2569.45 | AA32: =V32-X32 -> 0
C33: 임차료 | F33: 187335722 | H33: 133110533 | U33: =F33/100 -> 1873357.2 | V33: =G33/100 -> 0 | W33: =H33/100 -> 1331105.3 | X33: =I33/100 -> 0 | Z33: =U33-W33 -> 542251.89 | AA33: =V33-X33 -> 0
C34: 감가상각비 | F34: 4685107217 | H34: 6598800513 | U34: =F34/100 -> 46851072 | V34: =G34/100 -> 0 | W34: =H34/100 -> 65988005 | X34: =I34/100 -> 0 | Z34: =U34-W34 -> -19136933 | AA34: =V34-X34 -> 0
C35: 무형자산상각비 | F35: 1591150385 | H35: 2245900427 | U35: =F35/100 -> 15911504 | V35: =G35/100 -> 0 | W35: =H35/100 -> 22459004 | X35: =I35/100 -> 0 | Z35: =U35-W35 -> -6547500.4 | AA35: =V35-X35 -> 0
C36: 수선유지비 | F36: 560147885 | H36: 542802734 | U36: =F36/100 -> 5601478.8 | V36: =G36/100 -> 0 | W36: =H36/100 -> 5428027.3 | X36: =I36/100 -> 0 | Z36: =U36-W36 -> 173451.51 | AA36: =V36-X36 -> 0
C37: 차량유지비 | F37: 12421398 | H37: 16537350 | U37: =F37/100 -> 124213.98 | V37: =G37/100 -> 0 | W37: =H37/100 -> 165373.5 | X37: =I37/100 -> 0 | Z37: =U37-W37 -> -41159.52 | AA37: =V37-X37 -> 0
C38: 보험료 | F38: 12964679 | H38: 13347892 | U38: =F38/100 -> 129646.79 | V38: =G38/100 -> 0 | W38: =H38/100 -> 133478.92 | X38: =I38/100 -> 0 | Z38: =U38-W38 -> -3832.13 | AA38: =V38-X38 -> 0
C39: 지급수수료 | F39: 11661851506 | H39: 10146580085 | U39: =F39/100 -> 1.1661852e+08 | V39: =G39/100 -> 0 | W39: =H39/100 -> 1.014658e+08 | X39: =I39/100 -> 0 | Z39: =U39-W39 -> 15152714 | AA39: =V39-X39 -> 0
C40: 업무추진비 | F40: 173007037 | H40: 153125824 | U40: =F40/100 -> 1730070.4 | V40: =G40/100 -> 0 | W40: =H40/100 -> 1531258.2 | X40: =I40/100 -> 0 | Z40: =U40-W40 -> 198812.13 | AA40: =V40-X40 -> 0
C41: 광고선전비 | F41: 2416041343 | H41: 325365504 | U41: =F41/100 -> 24160413 | V41: =G41/100 -> 0 | W41: =H41/100 -> 3253655 | X41: =I41/100 -> 0 | Z41: =U41-W41 -> 20906758 | AA41: =V41-X41 -> 0
... C48: 잡비 | F48: 1042445312 | H48: 986326398 | U48: =F48/100 -> 10424453 | V48: =G48/100 -> 0 | W48: =H48/100 -> 9863264 | X48: =I48/100 -> 0 | Z48: =U48-W48 -> 561189.14 | AA48: =V48-X48 -> 0
A49: V. | B49: 영업이익(손실) | G49: -945491719492 | I49: -845201143929 | U49: =F49/100 -> 0 | V49: =G49/100 -> -9.4549172e+09 | W49: =H49/100 -> #VALUE! | X49: =I49/100 -> -8.4520114e+09 | Z49: =U49-W49 -> #VALUE! | AA49: =V49-X49 -> -1.0029058e+09
A50: VI. | B50: 영업외수익 | G50: 365288124104 | I50: 451564489966 | U50: =F50/100 -> 0 | V50: =G50/100 -> 3.6528812e+09 | W50: =H50/100 -> 0 | X50: =I50/100 -> 4.5156449e+09 | Z50: =U50-W50 -> 0 | AA50: =V50-X50 -> -8.6276366e+08
C51: 이자수익 | F51: 15291671726 | H51: 11378563233 | U51: =F51/100 -> 1.5291672e+08 | V51: =G51/100 -> 0 | W51: =H51/100 -> 1.1378563e+08 | X51: =I51/100 -> 0 | Z51: =U51-W51 -> 39131085 | AA51: =V51-X51 -> 0
C52: 배당금수익 | F52: 6200000 | H52: 256947819 | W52: =H52/100 -> 2569478.2
C53: 외환차익 | F53: 0 | H53: 0 | U53: =F53/100 -> 0 | V53: =G53/100 -> 0 | W53: =H54/100 -> 15441819 | X53: =I53/100 -> 0 | Z53: =U53-W53 -> -15441819 | AA53: =V53-X53 -> 0
C54: 기타비유동자산처분이익 | F54: 5491625092 | H54: 1544181876 | U54: =F54/100 -> 54916251 | V54: =G54/100 -> 0 | W54: =#REF!/100 -> #REF! | X54: =I54/100 -> 0 | Z54: =U54-W54 -> #REF! | AA54: =V54-X54 -> 0
C55: 수입위약배상금 | F55: 24429538704 | H55: 41963725155 | U55: =F55/100 -> 2.4429539e+08 | V55: =G55/100 -> 0 | W55: =H55/100 -> 4.1963725e+08 | X55: =I55/100 -> 0 | Z55: =U55-W55 -> -1.7534186e+08 | AA55: =V55-X55 -> 0
C56: 기타의대손상각비환입 | F56: 0 | H56: 0 | U56: =F56/100 -> 0 | V56: =G56/100 -> 0 | W56: =H56/100 -> 0 | X56: =I56/100 -> 0 | Z56: =U56-W56 -> 0 | AA56: =V56-X56 -> 0
C57: 투자자산처분이익 | F57: 0 | H57: 0 | U57: =F57/100 -> 0 | V57: =G57/100 -> 0 | W57: =H57/100 -> 0 | X57: =I57/100 -> 0 | Z57: =U57-W57 -> 0 | AA57: =V57-X57 -> 0
C58: 유형자산처분이익 | F58: 1119751101 | H58: 50265264613 | U58: =F58/100 -> 11197511 | V58: =G58/100 -> 0 | W58: =H58/100 -> 5.0265265e+08 | X58: =I58/100 -> 0 | Z58: =U58-W58 -> -4.9145514e+08 | AA58: =V58-X58 -> 0
C59: 채무면제이익 | F59: 53782497 | H59: 1261309354 | U59: =F59/100 -> 537824.97 | V59: =G59/100 -> 0 | W59: =H59/100 -> 12613094 | X59: =I59/100 -> 0 | Z59: =U59-W59 -> -12075269 | AA59: =V59-X59 -> 0
C60: 자산수증이익 | F60: 10046499678 | H60: 55284291842 | U60: =F60/100 -> 1.00465e+08 | V60: =G60/100 -> 0 | W60: =H60/100 -> 5.5284292e+08 | X60: =I60/100 -> 0 | Z60: =U60-W60 -> -4.5237792e+08 | AA60: =V60-X60 -> 0
C61: 재평가이익 | F61: 0 | H61: 0 | U61: =F61/100 -> 0 | V61: =G61/100 -> 0 | W61: =H61/100 -> 0 | X61: =I61/100 -> 0 | Z61: =U61-W61 -> 0 | AA61: =V61-X61 -> 0
C62: 지분법평가이익 | F62: 30573449261 | H62: 10704093214 | U62: =F62/100 -> 3.0573449e+08 | V62: =G62/100 -> 0 | W62: =H62/100 -> 1.0704093e+08 | X62: =I62/100 -> 0 | Z62: =U62-W62 -> 1.9869356e+08 | AA62: =V62-X62 -> 0
C63: 보조금 | F63: 230000000000 | H63: 210001662000 | U63: =F63/100 -> 2300000000 | V63: =G63/100 -> 0 | W63: =H63/100 -> 2100016620 | X63: =I63/100 -> 0 | Z63: =U63-W63 -> 199983380 | AA63: =V63-X63 -> 0
C64: 잡이익 | F64: 48275606045 | H64: 68904450860 | U64: =F64/100 -> 4.8275606e+08 | V64: =G64/100 -> 0 | W64: =H64/100 -> 6.8904451e+08 | X64: =I64/100 -> 0 | Z64: =U64-W64 -> -2.0628845e+08 | AA64: =V64-X64 -> 0
A65: VII. | B65: 영업외비용 | G65: 143923250276 | I65: 123650587716 | U65: =F65/100 -> 0 | V65: =G65/100 -> 1.4392325e+09 | W65: =H65/100 -> 0 | X65: =I65/100 -> 1.2365059e+09 | Z65: =U65-W65 -> 0 | AA65: =V65-X65 -> 2.0272663e+08
C66: 이자비용 | F66: 130574329550 | H66: 105387070482 | U66: =F66/100 -> 1.3057433e+09 | V66: =G66/100 -> 0 | W66: =H66/100 -> 1.0538707e+09 | X66: =I66/100 -> 0 | Z66: =U66-W66 -> 2.5187259e+08 | AA66: =V66-X66 -> 0
C67: 투자자산처분손실 | F67: 0 | H67: 0 | U67: =F67/100 -> 0 | V67: =G67/100 -> 0 | W67: =H67/100 -> 0 | X67: =I67/100 -> 0 | Z67: =U67-W67 -> 0 | AA67: =V67-X67 -> 0
C68: 재고자산폐기손실 | F68: 906076787 | H68: 89937432 | U68: =F68/100 -> 9060767.9 | V68: =G68/100 -> 0 | W68: =H68/100 -> 899374.32 | X68: =I68/100 -> 0 | Z68: =U68-W68 -> 8161393.5 | AA68: =V68-X68 -> 0
C69: 기부금 | F69: 72000000 | H69: 66000000 | U69: =F69/100 -> 720000 | V69: =G69/100 -> 0 | W69: =H69/100 -> 660000 | X69: =I69/100 -> 0 | Z69: =U69-W69 -> 60000 | AA69: =V69-X69 -> 0
C70: 기 타 비 유 동 자 산 처 분 손 실 | F70: 9581798 | H70: 0 | W70: =H70/100 -> 0
C71: 유형자산처분손실 | F71: 0 | H71: 8157119177 | U71: =F71/100 -> 0 | V71: =G71/100 -> 0 | W71: =H71/100 -> 81571192 | X71: =I71/100 -> 0 | Z71: =U71-W71 -> -81571192 | AA71: =V71-X71 -> 0
C72: 유형자산손상차손 | F72: 0 | H72: 0 | U72: =F72/100 -> 0 | V72: =G72/100 -> 0 | W72: =H72/100 -> 0 | X72: =I72/100 -> 0 | Z72: =U72-W72 -> 0 | AA72: =V72-X72 -> 0
C73: 유형자산폐기손실 | F73: 10069617539 | H73: 5338018664 | U73: =F73/100 -> 1.0069618e+08 | V73: =G73/100 -> 0 | W73: =H73/100 -> 53380187 | X73: =I73/100 -> 0 | Z73: =U73-W73 -> 47315989 | AA73: =V73-X73 -> 0
C74: 무형자산처분손실 | F74: 0 | H74: 0 | W74: =H74/100 -> 0
C75: 무형자산손상차손 | F75: 0 | H75: 0 | U75: =F75/100 -> 0 | V75: =G75/100 -> 0 | W75: =H75/100 -> 0 | X75: =I75/100 -> 0 | Z75: =U75-W75 -> 0 | AA75: =V75-X75 -> 0
C76: 무형자산폐기손실 | F76: 3577948 | H76: 29613333 | W76: =H76/100 -> 296133.33
C77: 기타의대손상각비 | F77: 747139713 | H77: 982475148 | U77: =F77/100 -> 7471397.1 | V77: =G77/100 -> 0 | W77: =H77/100 -> 9824751.5 | X77: =I77/100 -> 0 | Z77: =U77-W77 -> -2353354.4 | AA77: =V77-X77 -> 0
C78: 지분법평가손실 | F78: 0 | H78: 331464495 | U78: =F78/100 -> 0 | V78: =G78/100 -> 0 | W78: =H78/100 -> 3314645 | X78: =I78/100 -> 0 | Z78: =U78-W78 -> -3314645 | AA78: =V78-X78 -> 0
C79: 재평가손실 | F79: 0 | H79: 0 | U79: =F79/100 -> 0 | V79: =G79/100 -> 0 | W79: =H79/100 -> 0 | X79: =I79/100 -> 0 | Z79: =U79-W79 -> 0 | AA79: =V79-X79 -> 0
C80: 잡손실 | F80: 1540926941 | H80: 3268888985 | U80: =F80/100 -> 15409269 | V80: =G80/100 -> 0 | W80: =H80/100 -> 32688890 | X80: =I80/100 -> 0 | Z80: =U80-W80 -> -17279620 | AA80: =V80-X80 -> 0
A81: VIII. | B81: 법인세비용차감전순이익(손실) | G81: -724126845664 | I81: -517287241679 | U81: =F81/100 -> 0 | V81: =G81/100 -> -7.2412685e+09 | W81: =H81/100 -> 0 | X81: =I81/100 -> -5.1728724e+09 | Z81: =U81-W81 -> 0 | AA81: =V81-X81 -> -2.068396e+09
A82: IX. | B82: 법인세비용 | G82: 0 | I82: 0 | U82: =F82/100 -> 0 | V82: =G82/100 -> 0 | W82: =H82/100 -> 0 | X82: =I82/100 -> 0 | Z82: =U82-W82 -> 0 | AA82: =V82-X82 -> 0
A83: X. | B83: 당기순이익(손실) | G83: -724126845664 | I83: -517287241679 | U83: =F83/100 -> 0 | V83: =G83/100 -> -7.2412685e+09 | W83: =H83/100 -> 0 | X83: =I83/100 -> -5.1728724e+09 | Z83: =U83-W83 -> 0 | AA83: =V83-X83 -> -2.068396e+09

Sheet #3. 운영사업원가명세서
A1: 운 영 사 업 원 가 명 세 서
A2: 제 8 기 2024년 1월 1일부터 2024년 12월 31일까지
A3: 제 7 기 2023년 1월 1일부터 2023년 12월 31일까지
A5: 서울교통공사 | H5: (단위 : 원)
B6: 과 목 | E6: 제 8 기 | G6: 제 7 기
A7: Ⅰ. | B7: 인건비 | F7: 1339339597386 | H7: 1151418302421 | I7: =H7-F7 -> -187921294965 | L7: =E7/100 -> 0 | M7: =F7/100 -> 1.3393396e+10 | N7: =G7/100 -> 0 | O7: =H7/100 -> 1.1514183e+10 | Q7: =L7-N7 -> 0 | R7: =M7-O7 -> 1.8792129e+09
B8: 급여 | E8: 1128985933406 | G8: 1059469985632 | L8: =E8/100 -> 1.1289859e+10 | M8: =F8/100 -> 0 | N8: =G8/100 -> 1.05947e+10 | O8: =H8/100 -> 0 | Q8: =L8-N8 -> 6.9515948e+08 | R8: =M8-O8 -> 0
B9: 퇴직급여 | E9: 210353663980 | G9: 91948316789 | L9: =E9/100 -> 2.1035366e+09 | M9: =F9/100 -> 0 | N9: =G9/100 -> 9.1948317e+08 | O9: =H9/100 -> 0 | Q9: =L9-N9 -> 1.1840535e+09 | R9: =M9-O9 -> 0
A10: Ⅱ. | B10: 경비 | F10: 1350511904284 | H10: 1308753436529 | L10: =E10/100 -> 0 | M10: =F10/100 -> 1.3505119e+10 | N10: =G10/100 -> 0 | O10: =H10/100 -> 1.3087534e+10 | Q10: =L10-N10 -> 0 | R10: =M10-O10 -> 4.1758468e+08
B11: 복리후생비 | E11: 168192205387 | G11: 166252147644 | L11: =E11/100 -> 1.6819221e+09 | M11: =F11/100 -> 0 | N11: =G11/100 -> 1.6625215e+09 | O11: =H11/100 -> 0 | Q11: =L11-N11 -> 19400577 | R11: =M11-O11 -> 0
B12: 여비교통비 | E12: 591416117 | G12: 730818818 | L12: =E12/100 -> 5914161.2 | M12: =F12/100 -> 0 | N12: =G12/100 -> 7308188.2 | O12: =H12/100 -> 0 | Q12: =L12-N12 -> -1394027 | R12: =M12-O12 -> 0
B13: 수도광열비 | E13: 264169534539 | G13: 247053866681 | L13: =E13/100 -> 2.6416953e+09 | M13: =F13/100 -> 0 | N13: =G13/100 -> 2.4705387e+09 | O13: =H13/100 -> 0 | Q13: =L13-N13 -> 1.7115668e+08 | R13: =M13-O13 -> 0
B14: 공공요금및제세 | E14: 13899481677 | G14: 14395425045 | L14: =E14/100 -> 1.3899482e+08 | M14: =F14/100 -> 0 | N14: =G14/100 -> 1.4395425e+08 | O14: =H14/100 -> 0 | Q14: =L14-N14 -> -4959433.7 | R14: =M14-O14 -> 0
B15: 소모품비 | E15: 3859390106 | G15: 3991945879 | L15: =E15/100 -> 38593901 | M15: =F15/100 -> 0 | N15: =G15/100 -> 39919459 | O15: =H15/100 -> 0 | Q15: =L15-N15 -> -1325557.7 | R15: =M15-O15 -> 0
B16: 도서인쇄비 | E16: 884357785 | G16: 536195758 | L16: =E16/100 -> 8843577.8 | M16: =F16/100 -> 0 | N16: =G16/100 -> 5361957.6 | O16: =H16/100 -> 0 | Q16: =L16-N16 -> 3481620.3 | R16: =M16-O16 -> 0
B17: 임차료 | E17: 3761044542 | G17: 2988602113 | L17: =E17/100 -> 37610445 | M17: =F17/100 -> 0 | N17: =G17/100 -> 29886021 | O17: =H17/100 -> 0 | Q17: =L17-N17 -> 7724424.3 | R17: =M17-O17 -> 0
B18: 감가상각비 | E18: 407905262268 | G18: 396934908549 | L18: =E18/100 -> 4.0790526e+09 | M18: =F18/100 -> 0 | N18: =G18/100 -> 3.9693491e+09 | O18: =H18/100 -> 0 | Q18: =L18-N18 -> 1.0970354e+08 | R18: =M18-O18 -> 0
B19: 무형자산상각비 | E19: 3878191407 | G19: 3952048455 | L19: =E19/100 -> 38781914 | M19: =F19/100 -> 0 | N19: =G19/100 -> 39520485 | O19: =H19/100 -> 0 | Q19: =L19-N19 -> -738570.48 | R19: =M19-O19 -> 0
B20: 수선유지비 | E20: 55344351138 | G20: 82374892029 | L20: =E20/100 -> 5.5344351e+08 | M20: =F20/100 -> 0 | N20: =G20/100 -> 8.2374892e+08 | O20: =H20/100 -> 0 | Q20: =L20-N20 -> -2.7030541e+08 | R20: =M20-O20 -> 0
B21: 차량유지비 | E21: 311657922 | G21: 324476991 | L21: =E21/100 -> 3116579.2 | M21: =F21/100 -> 0 | N21: =G21/100 -> 3244769.9 | O21: =H21/100 -> 0 | Q21: =L21-N21 -> -128190.69 | R21: =M21-O21 -> 0
B22: 보험료 | E22: 1287353287 | G22: 1297750084 | L22: =E22/100 -> 12873533 | M22: =F22/100 -> 0 | N22: =G22/100 -> 12977501 | O22: =H22/100 -> 0 | Q22: =L22-N22 -> -103967.97 | R22: =M22-O22 -> 0
... B32: 잡비 | E32: 23663851150 | G32: 20806925106 | L32: =E32/100 -> 2.3663851e+08 | M32: =F32/100 -> 0 | N32: =G32/100 -> 2.0806925e+08 | O32: =H32/100 -> 0 | Q32: =L32-N32 -> 28569260 | R32: =M32-O32 -> 0
B33: 총계 | F33: 2689851501670 | H33: 2460171738950 | I33: =H33-F33 -> -229679762720 | L33: =E33/100 -> 0 | M33: =F33/100 -> 2.6898515e+10 | N33: =G33/100 -> 0 | O33: =H33/100 -> 2.4601717e+10 | Q33: =L33-N33 -> 0 | R33: =M33-O33 -> 2.2967976e+09

Sheet #4. 수탁사업원가명세서
A1: 수 탁 사 업 원 가 명 세 서
A2: 제 8 기 2024년 1월 1일부터 2024년 12월 31일까지
A3: 제 7 기 2023년 1월 1일부터 2023년 12월 31일까지
A5: 서울교통공사 | H5: (단위 : 원)
B6: 과 목 | E6: 제 8 기 | G6: 제 7 기
A7: Ⅰ. | B7: 인건비 | F7: 61291597869 | H7: 39612077686
B8: 급여 | E8: 55953770530 | G8: 36112407740
B9: 퇴직급여 | E9: 5337827339 | G9: 3499669946
A10: Ⅱ. | B10: 경비 | F10: 118796205391 | H10: 53671945172
B11: 복리후생비 | E11: 9915877299 | G11: 6795295451
B12: 여비교통비 | E12: 31810195 | G12: 17986497
B13: 수도광열비 | E13: 13419811576 | G13: 12021733866
B14: 공공요금및제세 | E14: 931311144 | G14: 696475553
B15: 소모품비 | E15: 3843697567 | G15: 693368874
B16: 도서인쇄비 | E16: 44656877 | G16: 32261702
B17: 임차료 | E17: 740617237 | G17: 510255562
B18: 감가상각비 | E18: 0 | G18: 0
B19: 무형자산상각비 | E19: 0 | G19: 0
B20: 수선유지비 | E20: 4800600711 | G20: 5726938672
B21: 차량유지비 | E21: 8597323 | G21: 5965391
B22: 보험료 | E22: 1302986873 | G22: 1377569025
... B34: 위탁수수료 | E34: 0 | G34: 0
B35: 총계 | F35: 180087803260 | H35: 93284022858
F39: =F35='#2. 손익계산서'!F19 -> TRUE | H39: =H35='#2. 손익계산서'!H19 -> TRUE

Sheet #5. 영업비용명세서
A1: 영 업 비 용 명 세 서
A2: 제 8 기 2024년 1월 1일부터 2024년 12월 31일까지
A3: 제 7 기 2023년 1월 1일부터 2023년 12월 31일까지
A5: 서울교통공사 | H5: (단위 : 원)
B6: 과 목 | E6: 제 8 기 | G6: 제 7 기
A7: Ⅰ. | B7: 인건비 | F7: 1420549084573 | H7: 1220240588196
B8: 급여 | E8: 1197926730963 | G8: 1122033002317
B9: 퇴직급여 | E9: 222622353610 | G9: 98207585879
A10: Ⅱ. | B10: 경비 | F10: 1593135247395 | H10: 1495687947904
B11: 복리후생비 | E11: 178034143475 | G11: 176335011617
B12: 여비교통비 | E12: 725082895 | G12: 822056692
B13: 수도광열비 | E13: 264438869745 | G13: 247327373050
B14: 공공요금및제세 | E14: 15882632975 | G14: 15824155815
B15: 소모품비 | E15: 4164733729 | G15: 4188179379
B16: 도서인쇄비 | E16: 1134058961 | G16: 785639989
B17: 임차료 | E17: 3948380264 | G17: 3121712646
B18: 감가상각비 | E18: 412590369485 | G18: 403533709062
B19: 무형자산상각비 | E19: 5469341792 | G19: 6197948882
B20: 수선유지비 | E20: 55904499023 | G20: 82917694763
B21: 차량유지비 | E21: 324079320 | G21: 341014341
B22: 보험료 | E22: 1300317966 | G22: 1311097976
... B34: 수탁사업원가 | E34: 180087803260 | G34: 93284022858
B35: 총계 | F35: 3013684331968 | H35: 2715928536100

Sheet #6. 자본변동표
A1: 자 본 변 동 표
A2: 제 8 기 : 2024년 1월 1일 부터 2024년 12월 31일까지
A3: 제 7 기 : 2023년 1월 1일 부터 2023년 12월 31일까지
A4: 서울교통공사 | E4: (단위 : 원)
A5: 과 목 | B5: 자 본 금 | C5: 기타포괄손익누계액 | D5: 이익잉여금 | E5: 총 계
A6: 2023.01.01(전기초) | B6: 23275822952094 | C6: 3270662709428 | D6: -17680766273939 | E6: 8865719387583
A7: 1. 현금출자 | B7: 554095949000 | C7: - | D7: - | E7: 554095949000
A8: 2. 공채이관 | B8: - | C8: - | D8: - | E8: -
A9: 3. 토지재평가이익 | B9: - | C9: -67138954347 | D9: - | E9: -67138954347
A10: 4. 매도가능증권평가이익 | B10: - | C10: 21409840 | D10: - | E10: 21409840
A11: 5. 지분법자본변동 | B11: - | C11: 304764 | D11: - | E11: 304764
A12: 6. 당기순이익(손실) | B12: - | C12: - | D12: -517287241679 | E12: -517287241679
A13: 2023.12.31(전기말) | B13: 23829918901094 | C13: 3203545469685 | D13: -18198053515618 | E13: 8835410855161
A14: 2024.01.01(당기초) | B14: 23829918901094 | C14: 3203545469685 | D14: -18198053515618 | E14: 8835410855161
A15: 1. 현금출자 | B15: 345331953000 | C15: - | D15: - | E15: 345331953000
A16: 2. 토지재평가이익 | B16: - | C16: -370897236 | D16: - | E16: -370897236
A17: 3. 매도가능증권평가이익 | B17: - | C17: 24428620 | D17: - | E17: 24428620
A18: 4. 지분법자본변동 | B18: - | C18: 111672 | D18: - | E18: 111672
A19: 5. 당기순이익(손실) | B19: - | C19: - | D19: -724126845664 | E19: -724126845664
A20: 2024.12.31(당기말) | B20: 24175250854094 | C20: 3203199112741 | D20: -18922180361282 | E20: 8456269605553

Sheet #7. 현금흐름표
A1: 현 금 흐 름 표
A2: 제 8 기 : 2024년 1월 1일 부터 2024년 12월 31일까지
A3: 제 7 기 : 2023년 1월 1일 부터 2023년 12월 31일까지
A4: 서울교통공사 | E4: (단위 : 원)
A5: 과 목 | B5: 제 8 기 | D5: 제 7 기
A6: Ⅰ. 영업활동으로인한현금흐름 | C6: -128273353745 | E6: -398645074385
A7: 1. 당기순손실 | B7: -724126845664 | D7: -517287241679
A8: 2. 현금의유출이없는비용등의가산 | B8: 662030475296 | D8: 529411838864
A9: 퇴직급여 | B9: 227960180949 | D9: 101707255825
A10: 감가상각비 | B10: 412590369485 | D10: 403533709062
A11: 기타비유동자산처분손실 | B11: 9581798 | D11: -
A12: 유형자산처분손실 | B12: - | D12: 8157119177
A13: 무형자산상각비 | B13: 5469341792 | D13: 6197948882
A14: 대손상각비 | B14: 4274589285 | D14: 1986796846
A15: 재고자산폐기손실 | B15: 906076787 | D15: 89937432
A16: 유형자산폐기손실 | B16: 10069617539 | D16: 5338018664
A17: 무형자산폐기손실 | B17: 3577948 | D17: 29613333
A18: 기타의대손상각비 | B18: 747139713 | D18: 982475148
A19: 잡손실 | B19: - | D19: 1057500000
A20: 지분법손실 | B20: - | D20: 331464495
A21: 3. 현금의유입이없는수익등의차감 | B21: -47319112194 | D21: -117805299875
A22: 기타비유동자산처분이익 | B22: 5491625092 | D22: 1544181876
A23: 유형자산처분이익 | B23: 1119751101 | D23: 50265264613
A24: 자산수증이익 | B24: 10046499678 | D24: 55284291842
A25: 지분법평가이익 | B25: 30573449261 | D25: 10704093214
A26: 잡이익 | B26: 31708690 | D26: 7468330
A27: 기타사업수익 | B27: 2295875 | D27: -
A28: 채무면제이익 | B28: 53782497 | D28: -
A29: 4. 영업활동으로인한자산부채의변동 | B29: -18857871183 | D29: -292964371695
A30: 매출채권의 증가(감소) | B30: -49115186579 | D30: -25755998444
A31: 미수금의 증가(감소) | B31: -6307616002 | D31: 5646901288
A32: 미수수익의 증가(감소) | B32: -365787249 | D32: 852142815
A33: 선급금의 증가(감소) | B33: -407014733 | D33: 1027796290
A34: 선급비용의 증가(감소) | B34: 506064501 | D34: -123242971
A35: 당기법인세자산의 증가(감소) | B35: -618379225 | D35: -937468320
A36: 기타의당좌자산의 증가(감소) | B36: - | D36: 22141400
A37: 재고자산의 증가(감소) | B37: -3261726913 | D37: -11549163268
A38: 미지급금의 증가(감소) | B38: 25370705338 | D38: -76362908435
A39: 선수금의 증가(감소) | B39: -1334915670 | D39: 2454283799
A40: 예수금의 증가(감소) | B40: 41210976907 | D40: 3444652677
A41: 미지급비용의 증가(감소) | B41: 139302261460 | D41: 7346145118
A42: 부가세예수금의 증가(감소) | B42: 8342614397 | D42: -5882127910
A43: 선수수익의 증가(감소) | B43: -10751426489 | D43: -4262966256
A44: 소송충당부채의 증가(감소) | B44: -21619059772 | D44: -90818732043
A45: 예수보증금의 증가(감소) | B45: -340807248 | D45: 190930239
A46: 기타유동부채의 증가(감소) | B46: -26065166703 | D46: -19306281759
A47: 장기미지급금의 증가(감소) | B47: 311831818 | D47: 408917709
A48: 퇴직금의 지급 | B48: -120924578721 | D48: -81779388580
... A50: 배당금의 수령 | B50: 7200000000 | D50: 1100000000
A51: 장기선수수익의 증가(감소) | B51: - | D51: 1308770056
A52: Ⅱ. 투자활동으로인한현금흐름 | C52: -516390676408 | E52: -547247540382
A53: 1. 투자활동으로인한현금유입액 | B53: 101707746265 | D53: 130758748731
A54: 단기대여금의 상환 | B54: 1224834050 | D54: 2068421970
A55: 장기대여금의 상환 | B55: 7460621503 | D55: 5944856253
A56: 토지의 처분 | B56: 1211800000 | D56: 47842872831
A57: 건물의 처분 | B57: - | D57: 1805781662
A58: 기타의비유동자산의 감소 | B58: 7921227636 | D58: 8834410867
A59: 정부보조금의 수령 | B59: 72642862630 | D59: 57094199946
A60: 지자체보조금의 수령 | B60: 2003810000 | D60: 252410000
A61: 수탁자산취득보조금의 수령 | B61: 9242590446 | D61: 6915795202
A62: 2. 투자활동으로인한현금유출액 | B62: -618098422673 | D62: -678006289113
A63: 장기대여금의 대여 | B63: 5149800560 | D63: 6629157608
A64: 지분법적용투자주식 취득 | B64: 11100000000 | D64: 2900000000
A65: 토지의 취득 | B65: - | D65: 3226220401
A66: 건물의 취득 | B66: - | D66: 38991001599
A67: 선로설비의 취득 | B67: 117215000 | D67: 110309480
A68: 전로설비의 취득 | B68: 462895000 | D68: 100190520
A69: 기타의유형자산의 취득 | B69: - | D69: 32183000
A70: 기타의비유동자산의 취득 | B70: 341552400 | D70: -
A71: 건설중인자산의 증가 | B71: 565461793320 | D71: 601691855169
A72: 유형수탁자산의 취득 | B72: 6383749409 | D72: 3835031849
A73: 수탁자산취득보조금의 반납 | B73: 420935118 | D73: 90837233
A74: 정부보조금의 반납 | B74: 28660481866 | D74: 20399502254
A75: Ⅲ. 재무활동으로인한현금흐름 | C75: 599055290686 | E75: 996065627170
A76: 1. 재무활동으로인한현금유입액 | B76: 1289185290686 | D76: 1446320820687
A77: 단기차입금의 차입 | B77: 250000000000 | D77: 230000000000
A78: 사채의 발행 | B78: 670053166660 | D78: 490134055516
A79: 재정안정통합기금 증가 | B79: - | D79: 150000000000
A80: 기타비유동부채의 증가 | B80: 23800171026 | D80: 22090816171
A81: 자본금의 증가 | B81: 345331953000 | D81: 554095949000
A82: 2. 재무활동으로인한현금유출액 | B82: -690130000000 | D82: -450255193517
A83: 기타비유동자산의 증가 | B83: 130000000 | D83: -
A84: 단기차입금의 상환 | B84: 250000000000 | D84: 230000000000
A85: 유동성장기부채의 상환 | B85: 440000000000 | D85: 220000000000
A86: 기타비유동부채의 감소 | B86: - | D86: -
A87: 정부보조금의 반납(국비이자) | B87: - | D87: 255193517
A88: Ⅳ. 현금의증가(Ⅰ+Ⅱ+Ⅲ) | C88: -45608739467 | E88: 50173012403
A89: Ⅴ. 기초의현금 | C89: 551033407060 | E89: 500860394657
A90: Ⅵ. 기말의현금 | C90: 505424667593 | E90: 551033407060

Sheet #8. 합계잔액시산표.
A1: 합 계 잔 액 시 산 표
A2: 서울교통공사 | E2: (단위:원)
A3: 잔액 | B3: 차변 | C3: 계정과목 | D3: 대변 | E3: 잔액 | F3: 차이 | G3: 검증 | H3: 비고 | I3: 잔액
A4: 3174935820 | B4: 365229301537 | C4: 현금 | D4: 362054365717 | E4: 0 | F4: =B4-D4 -> 3174935820 | G4: =F4=I4 -> TRUE | H4: 재무상태표(차변) | I4: =A4-E4 -> 3174935820
A5: 0 | B5: 377118369851 | C5: 당좌예금 | D5: 377118369851 | E5: 0 | F5: =B5-D5 -> 0 | G5: =F5=I5 -> TRUE | H5: 재무상태표(차변) | I5: =A5-E5 -> 0
A6: 9622368361 | B6: 19000362671535 | C6: 보통예금 | D6: 18990740303174 | E6: 0 | F6: =B6-D6 -> 9622368361 | G6: =F6=I6 -> TRUE | H6: 재무상태표(차변) | I6: =A6-E6 -> 9622368361
A7: 492627363412 | B7: 5700547593330 | C7: 현금성자산 | D7: 5207920229918 | E7: 0 | F7: =B7-D7 -> 492627363412 | G7: =F7=I7 -> TRUE | H7: 재무상태표(차변) | I7: =A7-E7 -> 492627363412
A8: 0 | B8: 165593590034 | C8: 국고보조금 | D8: 251492455018 | E8: 85898864984 | F8: =B8-D8 -> -85898864984 | G8: =F8=I8 -> TRUE | H8: 재무상태표(차변) | I8: =A8-E8 -> -85898864984
A9: 0 | B9: 392101933 | C9: 지방자치단체보조금 | D9: 2839124818 | E9: 2447022885 | F9: =B9-D9 -> -2447022885 | G9: =F9=I9 -> TRUE | H9: 재무상태표(차변) | I9: =A9-E9 -> -2447022885
A10: 0 | B10: 11043462440 | C10: 수탁자산취득보조금 | D10: 20387613734 | E10: 9344151294 | F10: =B10-D10 -> -9344151294 | G10: =F10=I10 -> TRUE | H10: 재무상태표(차변) | I10: =A10-E10 -> -9344151294
A11: 1341011674 | B11: 1364486594 | C11: 단기대여금 | D11: 23474920 | E11: 0 | F11: =B11-D11 -> 1341011674 | G11: =F11=I11 -> TRUE | H11: 재무상태표(차변) | I11: =A11-E11 -> 1341011674
A12: 162944444705 | B12: 2648389076434 | C12: 외상매출금 | D12: 2485444631729 | E12: 0 | F12: =B12-D12 -> 162944444705 | G12: =F12=I12 -> TRUE | H12: 재무상태표(차변) | I12: =A12-E12 -> 162944444705
A13: 0 | B13: 14097368143 | C13: 대손충당금 | D13: 42823779700 | E13: 28726411557 | F13: =B13-D13 -> -28726411557 | G13: =F13=I13 -> TRUE | H13: 재무상태표(차변) | I13: =A13-E13 -> -28726411557
A14: 43218431794 | B14: 174642484648 | C14: 미수금 | D14: 131424052854 | E14: 0 | F14: =B14-D14 -> 43218431794 | G14: =F14=I14 -> TRUE | H14: 재무상태표(차변) | I14: =A14-E14 -> 43218431794
A15: 0 | B15: 165044063 | C15: 대손충당금 | D15: 34997074599 | E15: 34832030536 | F15: =B15-D15 -> -34832030536 | G15: =F15=I15 -> TRUE | H15: 재무상태표(차변) | I15: =A15-E15 -> -34832030536
... A70: 0 | B70: 0 | C70: 감가상각누계액 | D70: 7284269783 | E70: 7284269783 | F70: =B70-D70 -> -7284269783 | G70: =F70=I70 -> TRUE | H70: 재무상태표(차변) | I70: =A70-E70 -> -7284269783
C71: 기계장치수탁자산 | F71: =B71-D71 -> 0 | G71: =F71=I71 -> TRUE | H71: 재무상태표(차변) | I71: =A71-E71 -> 0
C72: 기계장치수탁자산취득보조금 | F72: =B72-D72 -> 0 | G72: =F72=I72 -> TRUE | H72: 재무상태표(차변) | I72: =A72-E72 -> 0
C73: 기계장치수탁자산감가상각누계액 | F73: =B73-D73 -> 0 | G73: =F73=I73 -> TRUE | H73: 재무상태표(차변) | I73: =A73-E73 -> 0
C74: 선로설비수탁자산 | F74: =B74-D74 -> 0 | G74: =F74=I74 -> TRUE | H74: 재무상태표(차변) | I74: =A74-E74 -> 0
C75: 선로설비수탁자산취득보조금 | F75: =B75-D75 -> 0 | G75: =F75=I75 -> TRUE | H75: 재무상태표(차변) | I75: =A75-E75 -> 0
C76: 선로설비수탁자산감가상각누계액 | F76: =B76-D76 -> 0 | G76: =F76=I76 -> TRUE | H76: 재무상태표(차변) | I76: =A76-E76 -> 0
C77: 선로설비수탁자산국고보조금 | F77: =B77-D77 -> 0 | G77: =F77=I77 -> TRUE | H77: 재무상태표(차변) | I77: =A77-E77 -> 0
C78: 전로설비수탁자산 | F78: =B78-D78 -> 0 | G78: =F78=I78 -> TRUE | H78: 재무상태표(차변) | I78: =A78-E78 -> 0
C79: 전로설비수탁자산취득보조금 | F79: =B79-D79 -> 0 | G79: =F79=I79 -> TRUE | H79: 재무상태표(차변) | I79: =A79-E79 -> 0
C80: 전로설비수탁자산감가상각누계액 | F80: =B80-D80 -> 0 | G80: =F80=I80 -> TRUE | H80: 재무상태표(차변) | I80: =A80-E80 -> 0
C81: 전로설비수탁자산국고보조금 | F81: =B81-D81 -> 0 | G81: =F81=I81 -> TRUE | H81: 재무상태표(차변) | I81: =A81-E81 -> 0
C82: 전동차량수탁자산 | F82: =B82-D82 -> 0 | G82: =F82=I82 -> TRUE | H82: 재무상태표(차변) | I82: =A82-E82 -> 0
... C94: 건설중수탁자산취득보조금 | F94: =B94-D94 -> 0 | G94: =F94=I94 -> TRUE | H94: 재무상태표(차변) | I94: =A94-E94 -> 0
A95: 50463912 | B95: 732207668 | C95: 특허권 | D95: 681743756 | E95: 0 | F95: =B95-D95 -> 50463912 | G95: =F95=I95 -> TRUE | H95: 재무상태표(차변) | I95: =A95-E95 -> 50463912
A96: 16000 | B96: 46081962 | C96: 실용신안권 | D96: 46065962 | E96: 0 | F96: =B96-D96 -> 16000 | G96: =F96=I96 -> TRUE | H96: 재무상태표(차변) | I96: =A96-E96 -> 16000
A97: 830903 | B97: 12141200 | C97: 의장권 | D97: 11310297 | E97: 0 | F97: =B97-D97 -> 830903 | G97: =F97=I97 -> TRUE | H97: 재무상태표(차변) | I97: =A97-E97 -> 830903
A98: 3154634 | B98: 146797067 | C98: 상표권 | D98: 143642433 | E98: 0 | F98: =B98-D98 -> 3154634 | G98: =F98=I98 -> TRUE | H98: 재무상태표(차변) | I98: =A98-E98 -> 3154634
A99: 99600438211 | B99: 99600438211 | C99: 차지권 | D99: 0 | E99: 0 | F99: =B99-D99 -> 99600438211 | G99: =F99=I99 -> TRUE | H99: 재무상태표(차변) | I99: =A99-E99 -> 99600438211
A100: 9851553414 | B100: 17438764993 | C100: 소프트웨어 | D100: 7587211579 | E100: 0 | F100: =B100-D100 -> 9851553414 | G100: =F100=I100 -> TRUE | H100: 재무상태표(차변) | I100: =A100-E100 -> 9851553414
A101: 0 | B101: 0 | C101: 국고보조금 | D101: 1354319346 | E101: 1354319346 | F101: =B101-D101 -> -1354319346 | G101: =F101=I101 -> TRUE | H101: 재무상태표(차변) | I101: =A101-E101 -> -1354319346
A102: 762877054 | B102: 762877054 | C102: 국고/감가상각누계액 | D102: 0 | E102: 0 | F102: =B102-D102 -> 762877054 | G102: =F102=I102 -> TRUE | H102: 재무상태표(차변) | I102: =A102-E102 -> 762877054
A103: 1095416912 | B103: 1095416912 | C103: 수탁자산소프트웨어 | D103: 0 | E103: 0 | F103: =B103-D103 -> 1095416912 | G103: =F103=I103 -> TRUE | H103: 재무상태표(차변) | I103: =A103-E103 -> 1095416912
A104: 0 | B104: 33390221 | C104: 수탁자산소프트웨어취득보조금 | D104: 76054115 | E104: 42663894 | F104: =B104-D104 -> -42663894 | G104: =F104=I104 -> TRUE | H104: 재무상태표(차변) | I104: =A104-E104 -> -42663894
A105: 0 | B105: 0 | C105: 수탁자산소프트웨어감가상각누계액 | D105: 1052753018 | E105: 1052753018 | F105: =B105-D105 -> -1052753018 | G105: =F105=I105 -> TRUE | H105: 재무상태표(차변) | I105: =A105-E105 -> -1052753018
A106: 2851396500 | B106: 2851396500 | C106: 보증금 | D106: 0 | E106: 0 | F106: =B106-D106 -> 2851396500 | G106: =F106=I106 -> TRUE | H106: 재무상태표(차변) | I106: =A106-E106 -> 2851396500
... A109: 17625886147 | B109: 22061374064 | C109: 기타의비유동자산 | D109: 4435487917 | E109: 0 | F109: =B109-D109 -> 17625886147 | G109: =F109=I109 -> TRUE | H109: 재무상태표(차변) | I109: =A109-E109 -> 17625886147
C110: 단기차입금 | F110: =B110-D110 -> 0 | G110: =F110=I110 -> TRUE | H110: 재무상태표(대변) | I110: =A110-E110 -> 0
A111: 0 | B111: 2748297786124 | C111: 미지급금 | D111: 3066812366266 | E111: 318514580142 | F111: =B111-D111 -> -318514580142 | G111: =F111=I111 -> TRUE | H111: 재무상태표(대변) | I111: =A111-E111 -> -318514580142
A112: 0 | B112: 3194736261526 | C112: 선수금 | D112: 3197223715069 | E112: 2487453543 | F112: =B112-D112 -> -2487453543 | G112: =F112=I112 -> TRUE | H112: 재무상태표(대변) | I112: =A112-E112 -> -2487453543
A113: 0 | B113: 652325321150 | C113: 예수금 | D113: 741890779899 | E113: 89565458749 | F113: =B113-D113 -> -89565458749 | G113: =F113=I113 -> TRUE | H113: 재무상태표(대변) | I113: =A113-E113 -> -89565458749
A114: 0 | B114: 1265290234519 | C114: 미지급비용 | D114: 1481334682960 | E114: 216044448441 | F114: =B114-D114 -> -216044448441 | G114: =F114=I114 -> TRUE | H114: 재무상태표(대변) | I114: =A114-E114 -> -216044448441
A115: 0 | B115: 198706839332 | C115: 예수부가세 | D115: 212120242980 | E115: 13413403648 | F115: =B115-D115 -> -13413403648 | G115: =F115=I115 -> TRUE | H115: 재무상태표(대변) | I115: =A115-E115 -> -13413403648
A116: 0 | B116: 440000000000 | C116: 유동성장기부채 | D116: 1083000000000 | E116: 643000000000 | F116: =B116-D116 -> -643000000000 | G116: =F116=I116 -> TRUE | H116: 재무상태표(대변) | I116: =A116-E116 -> -643000000000
A117: 0 | B117: 78107247393 | C117: 선수수익 | D117: 87140087881 | E117: 9032840488 | F117: =B117-D117 -> -9032840488 | G117: =F117=I117 -> TRUE | H117: 재무상태표(대변) | I117: =A117-E117 -> -9032840488
A118: 0 | B118: 3516647255 | C118: 예수보증금 | D118: 5545357076 | E118: 2028709821 | F118: =B118-D118 -> -2028709821 | G118: =F118=I118 -> TRUE | H118: 재무상태표(대변) | I118: =A118-E118 -> -2028709821
A119: 0 | B119: 440174102146 | C119: 기타의 유동부채 | D119: 459055839406 | E119: 18881737260 | F119: =B119-D119 -> -18881737260 | G119: =F119=I119 -> TRUE | H119: 재무상태표(대변) | I119: =A119-E119 -> -18881737260
A120: 0 | B120: 39470260068 | C120: 소송충당부채 | D120: 76534373822 | E120: 37064113754 | F120: =B120-D120 -> -37064113754 | G120: =F120=I120 -> TRUE | H120: 재무상태표(대변) | I120: =A120-E120 -> -37064113754
A121: 0 | B121: 643000000000 | C121: 사채 | D121: 4038000000000 | E121: 3395000000000 | F121: =B121-D121 -> -3395000000000 | G121: =F121=I121 -> TRUE | H121: 재무상태표(대변) | I121: =A121-E121 -> -3395000000000
A122: 558027956 | B122: 756399416 | C122: 사채발행차금 | D122: 198371460 | E122: 0 | F122: =B122-D122 -> 558027956 | G122: =F122=I122 -> TRUE | H122: 재무상태표(대변) | I122: =A122-E122 -> 558027956
C123: 공채 | F123: =B123-D123 -> 0 | G123: =F123=I123 -> TRUE | H123: 재무상태표(대변) | I123: =A123-E123 -> 0
A124: 0 | B124: 0 | C124: 장기차입금 | D124: 150000000000 | E124: 150000000000 | F124: =B124-D124 -> -150000000000 | G124: =F124=I124 -> TRUE | H124: 재무상태표(대변) | I124: =A124-E124 -> -150000000000
A125: 0 | B125: 6047406853 | C125: 장기미지급금 | D125: 6177211653 | E125: 129804800 | F125: =B125-D125 -> -129804800 | G125: =F125=I125 -> TRUE | H125: 재무상태표(대변) | I125: =A125-E125 -> -129804800
C126: 현재가치할인차금 | F126: =B126-D126 -> 0 | G126: =F126=I126 -> TRUE | H126: 재무상태표(대변) | I126: =A126-E126 -> 0
C127: 장기미지급비용 | F127: =B127-D127 -> 0 | G127: =F127=I127 -> TRUE | H127: 재무상태표(대변) | I127: =A127-E127 -> 0
A128: 0 | B128: 1449925717590 | C128: 퇴직급여충당부채 | D128: 2870954972289 | E128: 1421029254699 | F128: =B128-D128 -> -1421029254699 | G128: =F128=I128 -> TRUE | H128: 재무상태표(대변) | I128: =A128-E128 -> -1421029254699
A129: 254005070 | B129: 265587070 | C129: 국민연금전환금 | D129: 11582000 | E129: 0 | F129: =B129-D129 -> 254005070 | G129: =F129=I129 -> TRUE | H129: 재무상태표(대변) | I129: =A129-E129 -> 254005070
A130: 0 | B130: 2230582569 | C130: 장기선수수익 | D130: 12104658786 | E130: 9874076217 | F130: =B130-D130 -> -9874076217 | G130: =F130=I130 -> TRUE | H130: 재무상태표(대변) | I130: =A130-E130 -> -9874076217
A131: 0 | B131: 111413865 | C131: 이연법인세부채 | D131: 962276257292 | E131: 962164843427 | F131: =B131-D131 -> -962164843427 | G131: =F131=I131 -> TRUE | H131: 재무상태표(대변) | I131: =A131-E131 -> -962164843427
A132: 0 | B132: 102430530384 | C132: 기타의비유동부채 | D132: 166985521794 | E132: 64554991410 | F132: =B132-D132 -> -64554991410 | G132: =F132=I132 -> TRUE | H132: 재무상태표(대변) | I132: =A132-E132 -> -64554991410
A133: 0 | B133: 37904000000 | C133: 자본금 | D133: 24211348187754 | E133: 24173444187754 | F133: =B133-D133 -> -24173444187754 | G133: =F133=I133 -> TRUE | H133: 재무상태표(대변) | I133: =A133-E133 -> -24173444187754
A134: 0 | B134: 0 | C134: 출자준비금 | D134: 1806666340 | E134: 1806666340 | F134: =B134-D134 -> -1806666340 | G134: =F134=I134 -> TRUE | H134: 재무상태표(대변) | I134: =A134-E134 -> -1806666340
A135: 0 | B135: 0 | C135: 매도가능증권평가차손익 | D135: 147142120 | E135: 147142120 | F135: =B135-D135 -> -147142120 | G135: =F135=I135 -> TRUE | H135: 재무상태표(대변) | I135: =A135-E135 -> -147142120
A136: 0 | B136: 370897236 | C136: 재평가잉여금 | D136: 3203421826251 | E136: 3203050929015 | F136: =B136-D136 -> -3203050929015 | G136: =F136=I136 -> TRUE | H136: 재무상태표(대변) | I136: =A136-E136 -> -3203050929015
A137: 0 | B137: 0 | C137: 지분법자본변동 | D137: 1041606 | E137: 1041606 | F137: =B137-D137 -> -1041606 | G137: =F137=I137 -> TRUE | H137: 재무상태표(대변) | I137: =A137-E137 -> -1041606
A138: 18192126168820 | B138: 18192126168820 | C138: 전기이월이익잉여금(미처리결손금) | D138: 0 | E138: 0 | F138: =B138-D138 -> 18192126168820 | G138: =F138=I138 -> TRUE | H138: 재무상태표(대변) | I138: =A138-E138 -> 18192126168820
A139: 0 | B139: 0 | C139: 지분법이익잉여금변동 | D139: 337110 | E139: 337110 | F139: =B139-D139 -> -337110 | G139: =F139=I139 -> TRUE | H139: 재무상태표(대변) | I139: =A139-E139 -> -337110
... A145: 0 | B145: 102841763234 | C145: 수탁/대행사업수익 | D145: 282929566494 | E145: 180087803260 | F145: =B145-D145 -> -180087803260 | G145: =F145=I145 -> TRUE | H145: 수익 | I145: =A145-E145 -> -180087803260
C146: 매출원가 | F146: =B146-D146 -> 0 | G146: =F146=I146 -> TRUE | H146: 비용 | I146: =A146-E146 -> 0
A147: 997597999266 | B147: 1458211265138 | C147: 급여 | D147: 460613265872 | E147: 0 | F147: =B147-D147 -> 997597999266 | G147: =F147=I147 -> TRUE | H147: 비용 | I147: =A147-E147 -> 997597999266
A148: 131387934140 | B148: 246671128700 | C148: 성과급 | D148: 115283194560 | E148: 0 | F148: =B148-D148 -> 131387934140 | G148: =F148=I148 -> TRUE | H148: 비용 | I148: =A148-E148 -> 131387934140
A149: 210353663980 | B149: 344363140120 | C149: 퇴직급여 | D149: 134009476140 | E149: 0 | F149: =B149-D149 -> 210353663980 | G149: =F149=I149 -> TRUE | H149: 비용 | I149: =A149-E149 -> 210353663980
A150: 168192205387 | B150: 276642282435 | C150: 복리후생비 | D150: 108450077048 | E150: 0 | F150: =B150-D150 -> 168192205387 | G150: =F150=I150 -> TRUE | H150: 비용 | I150: =A150-E150 -> 168192205387
A151: 591416117 | B151: 801680454 | C151: 여비교통비 | D151: 210264337 | E151: 0 | F151: =B151-D151 -> 591416117 | G151: =F151=I151 -> TRUE | H151: 비용 | I151: =A151-E151 -> 591416117
A152: 264169534539 | B152: 286048985873 | C152: 수도광열비 | D152: 21879451334 | E152: 0 | F152: =B152-D152 -> 264169534539 | G152: =F152=I152 -> TRUE | H152: 비용 | I152: =A152-E152 -> 264169534539
A153: 13899481677 | B153: 22243196280 | C153: 공공요금 및 제세 | D153: 8343714603 | E153: 0 | F153: =B153-D153 -> 13899481677 | G153: =F153=I153 -> TRUE | H153: 비용 | I153: =A153-E153 -> 13899481677
A154: 3859390106 | B154: 5551477098 | C154: 소모품비 | D154: 1692086992 | E154: 0 | F154: =B154-D154 -> 3859390106 | G154: =F154=I154 -> TRUE | H154: 비용 | I154: =A154-E154 -> 3859390106
A155: 884357785 | B155: 923494748 | C155: 도서인쇄비 | D155: 39136963 | E155: 0 | F155: =B155-D155 -> 884357785 | G155: =F155=I155 -> TRUE | H155: 비용 | I155: =A155-E155 -> 884357785
A156: 3761044542 | B156: 4656972467 | C156: 임차료 | D156: 895927925 | E156: 0 | F156: =B156-D156 -> 3761044542 | G156: =F156=I156 -> TRUE | H156: 비용 | I156: =A156-E156 -> 3761044542
A157: 407905262268 | B157: 529911817295 | C157: 감가상각비 | D157: 122006555027 | E157: 0 | F157: =B157-D157 -> 407905262268 | G157: =F157=I157 -> TRUE | H157: 비용 | I157: =A157-E157 -> 407905262268
A158: 3878191407 | B158: 4165804139 | C158: 무형자산상각비 | D158: 287612732 | E158: 0 | F158: =B158-D158 -> 3878191407 | G158: =F158=I158 -> TRUE | H158: 비용 | I158: =A158-E158 -> 3878191407
... A163: 9816862 | B163: 15321894 | C163: 업무추진비 | D163: 5505032 | E163: 0 | F163: =B163-D163 -> 9816862 | G163: =F163=I163 -> TRUE | H163: 비용 | I163: =A163-E163 -> 9816862
A164: 1500000 | B164: 1500000 | C164: 광고선전비 | D164: 0 | E164: 0
A165: 6967369141 | B165: 10415858605 | C165: 교육훈련비 | D165: 3448489464 | E165: 0 | F165: =B165-D165 -> 6967369141 | G165: =F165=I165 -> TRUE | H165: 비용 | I165: =A165-E165 -> 6967369141
A166: 214192090 | B166: 217688260 | C166: 피해보상비 | D166: 3496170 | E166: 0 | F166: =B166-D166 -> 214192090 | G166: =F166=I166 -> TRUE | H166: 비용 | I166: =A166-E166 -> 214192090
A167: 426606431 | B167: 1259130900 | C167: 경상연구개발비 | D167: 832524469 | E167: 0 | F167: =B167-D167 -> 426606431 | G167: =F167=I167 -> TRUE | H167: 비용 | I167: =A167-E167 -> 426606431
A168: 40764893872 | B168: 48000291640 | C168: 재료비기타 | D168: 7235397768 | E168: 0 | F168: =B168-D168 -> 40764893872 | G168: =F168=I168 -> TRUE | H168: 비용 | I168: =A168-E168 -> 40764893872
A169: 0 | B169: 63 | C169: 재고자산평가손실 | D169: 83 | E169: 20 | F169: =B169-D169 -> -20 | G169: =F169=I169 -> TRUE | H169: 비용 | I169: =A169-E169 -> -20
A170: 22230878633 | B170: 39824834749 | C170: 잡비 | D170: 17593956116 | E170: 0 | F170: =B170-D170 -> 22230878633 | G170: =F170=I170 -> TRUE | H170: 비용 | I170: =A170-E170 -> 22230878633
A171: 1432972517 | B171: 1822814979 | C171: 관서업무비 | D171: 389842462 | E171: 0 | F171: =B171-D171 -> 1432972517 | G171: =F171=I171 -> TRUE | H171: 비용 | I171: =A171-E171 -> 1432972517
A172: 0 | B172: 660410901785 | C172: 자본투자비 | D172: 660410901785 | E172: 0 | F172: =B172-D172 -> 0 | G172: =F172=I172 -> TRUE | H172: 비용 | I172: =A172-E172 -> 0
C173: 수탁사업원가 | F173: =B173-D173 -> 0 | G173: =F173=I173 -> TRUE | H173: 비용 | I173: =A173-E173 -> 0
A174: 49902393000 | B174: 49985804450 | C174: 급여 | D174: 83411450 | E174: 0 | F174: =B174-D174 -> 49902393000 | G174: =F174=I174 -> TRUE | H174: 비용 | I174: =A174-E174 -> 49902393000
A175: 6051377530 | B175: 6067100220 | C175: 성과급 | D175: 15722690 | E175: 0
A176: 5337827339 | B176: 5439640529 | C176: 퇴직급여 | D176: 101813190 | E176: 0 | F176: =B176-D176 -> 5337827339 | G176: =F176=I176 -> TRUE | H176: 비용 | I176: =A176-E176 -> 5337827339
...
