Workbook
Name DATA1: #REF!
Name DATA1: #REF!
Name DATA10: #REF!
Name DATA10: #REF!
Name DATA11: #REF!
Name DATA11: #REF!
Name DATA12: #REF!
Name DATA12: #REF!
Name DATA13: #REF!
Name DATA13: #REF!
Name DATA14: #REF!
Name DATA14: #REF!
Name DATA15: #REF!
Name DATA15: #REF!
Name DATA16: #REF!
Name DATA16: #REF!
Name DATA17: #REF!
Name DATA17: #REF!
Name DATA18: #REF!
Name DATA18: #REF!
Name DATA19: #REF!
Name DATA19: #REF!
Name DATA2: #REF!
Name DATA2: #REF!
Name DATA20: #REF!
Name DATA20: #REF!
Name DATA21: #REF!
Name DATA21: #REF!
Name DATA22: #REF!
Name DATA22: #REF!
Name DATA23: #REF!
Name DATA23: #REF!
Name DATA24: #REF!
Name DATA24: #REF!
Name DATA25: #REF!
Name DATA25: #REF!
Name DATA26: #REF!
Name DATA26: #REF!
Name DATA27: #REF!
Name DATA27: #REF!
Name DATA28: #REF!
Name DATA28: #REF!
Name DATA29: #REF!
Name DATA29: #REF!
Name DATA3: #REF!
Name DATA3: #REF!
Name DATA30: #REF!
Name DATA30: #REF!
Name DATA31: #REF!
Name DATA31: #REF!
Name DATA32: #REF!
Name DATA32: #REF!
Name DATA33: #REF!
Name DATA33: #REF!
Name DATA34: #REF!
Name DATA34: #REF!
Name DATA35: #REF!
Name DATA35: #REF!
Name DATA36: #REF!
Name DATA36: #REF!

Sheet #1. 재무상태표
A1: 재 무 상 태 표
A2: 제 3 기 2019년 12월 31일 현재
A3: 제 2 기 2018년 12월 31일 현재
A5: 서울교통공사 | I5: (단위 : 원)
B6: 과 목 | F6: 제 3 기 (2019.12.31.) | H6: 제 2 기 (2018.12.31.)
A7: 자 산
A8: Ⅰ. | B8: 유동자산 | G8: 239730101469 | I8: 284647550472 | K8: =G8-I8 -> -44917449003
A9: (1) | C9: 당좌자산 | G9: 181346406187 | I9: 223283156931 | K9: =G9-I9 -> -41936750744
D10: 현금및현금성자산 | F10: 192557051013 | H10: 273060463855 | J10: =F10-H10 -> -80503412842 | K10: =G10-I10 -> 0
D11: (정부보조금) | F11: -100004857444 | H11: -142997365290 | J11: =F11-H11 -> 42992507846 | K11: =G11-I11 -> 0
D12: (수탁자산취득보조금) | F12: -3503880613 | H12: -2492242124 | J12: =F12-H12 -> -1011638489 | K12: =G12-I12 -> 0
D13: 단기금융상품 | F13: 0 | H13: 0 | J13: =F13-H13 -> 0 | K13: =G13-I13 -> 0
D14: 단기대여금 | F14: 1915569210 | H14: 2570654530 | J14: =F14-H14 -> -655085320 | K14: =G14-I14 -> 0
D15: 매출채권 | F15: 76086314824 | H15: 81309546847 | J15: =F15-H15 -> -5223232023 | K15: =G15-I15 -> 0
D16: (대손충당금) | F16: -13784148963 | H16: -8542621888 | J16: =F16-H16 -> -5241527075 | K16: =G16-I16 -> 0
D17: 미수금 | F17: 36074228163 | H17: 23954003991 | J17: =F17-H17 -> 12120224172 | K17: =G17-I17 -> 0
D18: (대손충당금) | F18: -22791370223 | H18: -14750678043 | J18: =F18-H18 -> -8040692180 | K18: =G18-I18 -> 0
D19: 미수수익 | F19: 445733 | H19: 0 | J19: =F19-H19 -> 445733 | K19: =G19-I19 -> 0
D20: 선급금 | F20: 12527262561 | H20: 7539873308 | J20: =F20-H20 -> 4987389253 | K20: =G20-I20 -> 0
D21: 선급비용 | F21: 313300187 | H21: 364106636 | J21: =F21-H21 -> -50806449 | K21: =G21-I21 -> 0
... D24: 기타의당좌자산 | F24: 1468617124 | H24: 2284340138 | J24: =F24-H24 -> -815723014 | K24: =G24-I24 -> 0
A25: (2) | C25: 재고자산 | G25: 58383695282 | I25: 61364393541 | J25: =F25-H25 -> 0 | K25: =G25-I25 -> -2980698259
D26: 저장품 | F26: 52989011274 | H26: 58047077787 | J26: =F26-H26 -> -5058066513 | K26: =G26-I26 -> 0
D27: 미착품 | F27: 5394684008 | H27: 3317315754 | J27: =F27-H27 -> 2077368254 | K27: =G27-I27 -> 0
A28: Ⅱ. | B28: 비유동자산 | G28: 12959314696015 | I28: 12957776348902 | J28: =F28-H28 -> 0 | K28: =G28-I28 -> 1538347113
A29: (1) | C29: 투자자산 | G29: 75689454308 | I29: 80678527852 | J29: =F29-H29 -> 0 | K29: =G29-I29 -> -4989073544
D30: 매도가능증권 | F30: 400737620 | H30: 380543600 | J30: =F30-H30 -> 20194020 | K30: =G30-I30 -> 0
D31: 장기대여금 | F31: 55961110540 | H31: 60660597552 | J31: =F31-H31 -> -4699487012 | K31: =G31-I31 -> 0
D32: 지분법적용투자주식 | F32: 19327606148 | H32: 19637386700 | J32: =F32-H32 -> -309780552 | K32: =G32-I32 -> 0
C33: 4. | D33: 장기금융상품 | H33: 0 | J33: =F33-H33 -> 0 | K33: =G33-I33 -> 0
A34: (2) | C34: 유형자산 | G34: 12762232922256 | I34: 12756029961391 | J34: =F34-H34 -> 0 | K34: =G34-I34 -> 6202960865
D35: 토지 | F35: 3520085114300 | H35: 3519712053700 | J35: =F35-H35 -> 373060600 | K35: =G35-I35 -> 0
D36: 건물 | F36: 452542702541 | H36: 447268641121 | J36: =F36-H36 -> 5274061420 | K36: =G36-I36 -> 0
D37: (감가상각누계액) | F37: -298642117567 | H37: -288446731771 | J37: =F37-H37 -> -10195385796 | K37: =G37-I37 -> 0
D38: (정부보조금) | F38: -523762764 | H38: -250968614 | J38: =F38-H38 -> -272794150 | K38: =G38-I38 -> 0
D39: 기계장치 | F39: 92695433375 | H39: 93422667399 | J39: =F39-H39 -> -727234024 | K39: =G39-I39 -> 0
D40: (감가상각누계액) | F40: -56525316138 | H40: -55264387274 | J40: =F40-H40 -> -1260928864 | K40: =G40-I40 -> 0
D41: 선로설비 | F41: 11707905628584 | H41: 11554316074955 | J41: =F41-H41 -> 153589553629 | K41: =G41-I41 -> 0
D42: (감가상각누계액) | F42: -4504510544079 | H42: -4275713382177 | J42: =F42-H42 -> -228797161902 | K42: =G42-I42 -> 0
D43: (정부보조금) | F43: -65101252823 | H43: -46020024221 | J43: =F43-H43 -> -19081228602 | K43: =G43-I43 -> 0
D44: 전로설비 | F44: 2058873263616 | H44: 1972131139766 | J44: =F44-H44 -> 86742123850 | K44: =G44-I44 -> 0
D45: (감가상각누계액) | F45: -1324597363425 | H45: -1284463316924 | J45: =F45-H45 -> -40134046501 | K45: =G45-I45 -> 0
D46: (정부보조금) | F46: -20552616769 | H46: -6731943412 | J46: =F46-H46 -> -13820673357 | K46: =G46-I46 -> 0
... D50: (감가상각누계액) | F50: -4320859331 | H50: -4062659060 | J50: =F50-H50 -> -258200271 | K50: =G50-I50 -> 0
D51: (정부보조금) | F51: -52200000 | H51: -
D52: (지자체보조금) | F52: -217848000 | H52: -
D53: 공기구비품 | F53: 124253743865 | H53: 115314959986 | J53: =F53-H53 -> 8938783879 | K53: =G53-I53 -> 0
D54: (감가상각누계액) | F54: -98918949869 | H54: -97265064110 | J54: =F54-H54 -> -1653885759 | K54: =G54-I54 -> 0
D55: (정부보조금) | F55: -37415643 | H55: -46012009 | J55: =F55-H55 -> 8596366 | K55: =G55-I55 -> 0
D56: 기타의유형자산 | F56: 8399656014 | H56: 8213759919 | J56: =F56-H56 -> 185896095 | K56: =G56-I56 -> 0
D57: (감가상각누계액) | F57: -5493583808 | H57: -4991215030 | J57: =F57-H57 -> -502368778 | K57: =G57-I57 -> 0
D58: 건설중인자산 | F58: 375266376177 | H58: 420310061945 | J58: =F58-H58 -> -45043685768 | K58: =G58-I58 -> 0
D59: (정부보조금) | F59: -51955910227 | H59: -31552142515 | J59: =F59-H59 -> -20403767712 | K59: =G59-I59 -> 0
D60: 유형자산수탁자산 | F60: 71749504782 | H60: 70129709163 | J60: =F60-H60 -> 1619795619 | K60: =G60-I60 -> 0
D61: (감가상각누계액) | F61: -17518780320 | H61: -14904744741 | J61: =F61-H61 -> -2614035579 | K61: =G61-I61 -> 0
D62: (수탁자산보조금) | F62: -54230724462 | H62: -55224964422 | J62: =F62-H62 -> 994239960 | K62: =G62-I62 -> 0
A63: (3) | C63: 무형자산 | G63: 108868803708 | I63: 109586189438 | J63: =F63-H63 -> 0 | K63: =G63-I63 -> -717385730
D64: 산업재산권 | F64: 165029036 | H64: 160570464 | J64: =F64-H64 -> 4458572 | K64: =G64-I64 -> 0
D65: 차지권 | F65: 99598023461 | H65: 99598023461 | J65: =F65-H65 -> 0 | K65: =G65-I65 -> 0
D66: 소프트웨어 | F66: 9105751211 | H66: 9827595513 | J66: =F66-H66 -> -721844302 | K66: =G66-I66 -> 0
D67: 무형자산수탁자산 | F67: 1062988711 | H67: 1001364126 | J67: =F67-H67 -> 61624585 | K67: =G67-I67 -> 0
D68: (감가상각누계액) | F68: -707523650 | H68: -508841331 | J68: =F68-H68 -> -198682319 | K68: =G68-I68 -> 0
D69: (수탁자산보조금) | F69: -355465061 | H69: -492522795 | J69: =F69-H69 -> 137057734 | K69: =G69-I69 -> 0
A70: (4) | C70: 기타비유동자산 | G70: 12523515743 | I70: 11481670221 | J70: =F70-H70 -> 0 | K70: =G70-I70 -> 1041845522
D71: 보증금 | F71: 2276665500 | H71: 2346665500 | J71: =F71-H71 -> -70000000 | K71: =G71-I71 -> 0
D72: 장기미수금 | F72: 1241309884 | H72: 1241309884 | J72: =F72-H72 -> 0 | K72: =G72-I72 -> 0
D73: (대손충당금) | F73: -1179746238 | H73: -1179746238 | J73: =F73-H73 -> 0 | K73: =G73-I73 -> 0
D74: 기타의비유동자산 | F74: 10185286597 | H74: 9073441075 | J74: =F74-H74 -> 1111845522 | K74: =G74-I74 -> 0
B75: 자산총계 | G75: 13199044797484 | I75: 13242423899374 | J75: =F75-H75 -> 0 | K75: =G75-I75 -> -43379101890
A76: 부 채 | J76: =F76-H76 -> 0 | K76: =G76-I76 -> 0
A77: Ⅰ. | B77: 유동부채 | G77: 907466140015 | I77: 1039952154496 | J77: =F77-H77 -> 0 | K77: =G77-I77 -> -132486014481
D78: 단기차입금 | F78: 0 | H78: 0 | J78: =F78-H78 -> 0 | K78: =G78-I78 -> 0
D79: 미지급금 | F79: 380314637697 | H79: 387310648696 | J79: =F79-H79 -> -6996010999 | K79: =G79-I79 -> 0
D80: 미지급비용 | F80: 148434461830 | H80: 97459678116 | J80: =F80-H80 -> 50974783714 | K80: =G80-I80 -> 0
D81: 선수금 | F81: 8124684570 | H81: 23591177482 | J81: =F81-H81 -> -15466492912 | K81: =G81-I81 -> 0
D82: 예수금 | F82: 63759816450 | H82: 52495934524 | J82: =F82-H82 -> 11263881926 | K82: =G82-I82 -> 0
D83: 유동성장기부채 | F83: 192400000000 | H83: 385023730000 | J83: =F83-H83 -> -192623730000 | K83: =G83-I83 -> 0
D84: 예수부가세 | F84: 6024080492 | H84: 5863244923 | J84: =F84-H84 -> 160835569 | K84: =G84-I84 -> 0
D85: 선수수익 | F85: 7769021383 | H85: 6361639462 | J85: =F85-H85 -> 1407381921 | K85: =G85-I85 -> 0
D86: 예수보증금 | F86: 2857927902 | H86: 12775314277 | J86: =F86-H86 -> -9917386375 | K86: =G86-I86 -> 0
D87: 소송충당부채 | F87: 97716489121 | H87: 68934464745 | J87: =F87-H87 -> 28782024376 | K87: =G87-I87 -> 0
D88: 기타의유동부채 | F88: 65020570 | H88: 136322271 | J88: =F88-H88 -> -71301701 | K88: =G88-I88 -> 0
A89: Ⅱ. | B89: 비유동부채 | G89: 3738004018907 | I89: 4080150196625 | J89: =F89-H89 -> 0 | K89: =G89-I89 -> -342146177718
D90: 사채 | F90: 730000000000 | H90: 550000000000 | J90: =F90-H90 -> 180000000000 | K90: =G90-I90 -> 0
D91: (사채할인발행차금) | F91: -131894671 | H91: -121861426 | J91: =F91-H91 -> -10033245 | K91: =G91-I91 -> 0
D92: 공채 | F92: 1732809320000 | H92: 2159046185000 | J92: =F92-H92 -> -426236865000 | K92: =G92-I92 -> 0
D93: 장기차입금 | F93: 17400000000 | H93: 34800000000 | J93: =F93-H93 -> -17400000000 | K93: =G93-I93 -> 0
D94: 장기미지급금 | F94: 3053226519 | H94: 5796586980 | J94: =F94-H94 -> -2743360461 | K94: =G94-I94 -> 0
D95: (현재가치할인차금) | F95: -155947751 | H95: -371431790 | J95: =F95-H95 -> 215484039 | K95: =G95-I95 -> 0
D96: 장기미지급비용 | F96: 81570297261 | H96: 130571105408 | J96: =F96-H96 -> -49000808147 | K96: =G96-I96 -> 0
D97: 퇴직급여충당부채 | F97: 1052823283737 | H97: 1059519539802 | J97: =F97-H97 -> -6696256065 | K97: =G97-I97 -> 0
D98: (국민연금전환금) | F98: -294417770 | H98: -319588370 | J98: =F98-H98 -> 25170600 | K98: =G98-I98 -> 0
D99: 장기선수수익 | F99: 38316170146 | H99: 47671382894 | J99: =F99-H99 -> -9355212748 | K99: =G99-I99 -> 0
D100: 기타의비유동부채 | F100: 82613981436 | H100: 93558278127 | J100: =F100-H100 -> -10944296691 | K100: =G100-I100 -> 0
C101: 9. | D101: 이연법인세부채 | F101: 0 | H101: 0 | J101: =F101-H101 -> 0 | K101: =G101-I101 -> 0
B102: 부채총계 | G102: 4645470158922 | I102: 5120102351121 | J102: =F102-H102 -> 0 | K102: =G102-I102 -> -474632192199
A103: 자 본 | J103: =F103-H103 -> 0 | K103: =G103-I103 -> 0
A104: Ⅰ. | B104: 자본금 | G104: 20676935389447 | I104: 19659235225013 | J104: =F104-H104 -> 0 | K104: =G104-I104 -> 1017700164434
D105: 납입자본금 | F105: 20675128723107 | H105: 19657428558673 | J105: =F105-H105 -> 1017700164434 | K105: =G105-I105 -> 0
D106: 출자준비금 | F106: 1806666340 | H106: 1806666340 | J106: =F106-H106 -> 0 | K106: =G106-I106 -> 0
...

Sheet #2. 손익계산서
A1: 손 익 계 산 서
A2: 제 3 기 2019년 1월 1일부터 2019년 12월 31일까지
A3: 제 2 기 2018년 1월 1일부터 2018년 12월 31일까지
A5: 서울교통공사 | I5: (단위 : 원)
B6: 과 목 | F6: 제 3 기 | H6: 제 2 기
A7: Ⅰ. | B7: 매출액 | G7: 2004643402499 | I7: 1986511966113
B8: 1. | C8: 운영사업수익 | G8: 1930358967091 | I8: 1922988784772
C9: (1) | D9: 운수사업수익 | F9: 1636749394102 | H9: 1623423023974
C10: (2) | D10: 부대사업수익 | F10: 201708041379 | H10: 210258404891
C11: (3) | D11: 기타사업수익 | F11: 91901531610 | H11: 89307355907
B12: 2. | C12: 수탁사업수익 | G12: 74284435408 | I12: 63523181341
C13: (1) | D13: 운수사업수익 | F13: 34638443925 | H13: 34159419912
C14: (2) | D14: 부대사업수익 | F14: 2741859716 | H14: 2016318709
C15: (3) | D15: 기타사업수익 | F15: 153993445 | H15: 83415797
C16: (4) | D16: 대행사업수익 | F16: 36750138322 | H16: 27264026923
A17: Ⅱ. | B17: 매출원가 | G17: 2425976565726 | I17: 2398125745965
B18: 1. | C18: 운영사업원가 | F18: 2351692130318 | H18: 2334602564624
B19: 2. | C19: 수탁사업원가 | F19: 74284435408 | H19: 63523181341
C20: (1) | D20: 7호선 연장구간 | F20: 40788577545 | H20: 39282080924
C21: (2) | D21: 9호선 2-3단계 운영 | F21: 31731972382 | H21: 22435682705
C22: (3) | D22: 잠실광역환승센터 | F22: 1763885481 | H22: 1805417712
A23: III. | B23: 매출총이익(손실) | G23: -421333163227 | I23: -411613779852
A24: IV. | B24: 판매비와관리비 | G24: 111070576071 | I24: 120599802816
C25: 급여 | F25: 61925775834 | H25: 66974875603
C26: 퇴직급여 | F26: 6743896130 | H26: 6968196370
C27: 복리후생비 | F27: 9966306566 | H27: 10463772586
C28: 여비교통비 | F28: 249967171 | H28: 254210693
C29: 공공요금및제세 | F29: 1082519457 | H29: 1691582143
C30: 수도광열비 | F30: 205544602 | H30: 207339871
C31: 소모품비 | F31: 416149447 | H31: 187050336
C32: 도서인쇄비 | F32: 251942630 | H32: 255767753
C33: 임차료 | F33: 156083579 | H33: 143323894
C34: 감가상각비 | F34: 3490147736 | H34: 3337782554
C35: 무형자산상각비 | F35: 2809236378 | H35: 2480447749
C36: 수선유지비 | F36: 177849032 | H36: 241534083
... C48: 잡비 | F48: 1213235052 | H48: 1917902791
A49: V. | B49: 영업이익(손실) | G49: -532403739298 | I49: -532213582668
A50: VI. | B50: 영업외수익 | G50: 50400985333 | I50: 168415515687
C51: 이자수익 | F51: 2385498833 | H51: 6452635830
C52: 외환차익 | F52: 0 | H52: 3104006
C53: 폐품매각수익 | F53: 1828803148 | H53: 54010370
C54: 수입위약배상금 | F54: 2954099601 | H54: 2025003473
C55: 기타의대손상각비환입 | F55: 0 | H55: 2458500
C56: 투자자산처분이익 | F56: 0 | H56: 0
C57: 유형자산처분이익 | F57: 644493450 | H57: 2638044239
C58: 채무면제이익 | F58: 0 | H58: 706955969
C59: 자산수증이익 | F59: 13567301683 | H59: 123977245538
C60: 재평가이익 | F60: 0 | H60: 0
C61: 지분법평가이익 | F61: 7841607843 | H61: 5559907735
C62: 잡이익 | F62: 21179180775 | H62: 26996150027
A63: VII. | B63: 영업외비용 | G63: 104464514180 | I63: 175094600414
C64: 이자비용 | F64: 57821731366 | H64: 62296810231
C65: 투자자산처분손실 | F65: 298343755 | H65: 5222378
C66: 재고자산폐기손실 | F66: 40484242 | H66: 1366165850
C67: 기부금 | F67: 80000000 | H67: 178502000
C68: 유형자산처분손실 | F68: 0 | H68: 4057922
C69: 유형자산손상차손 | F69: 166510105 | H69: 177740352
C70: 유형자산폐기손실 | F70: 2186805495 | H70: 6879095457
C71: 무형자산손상차손 | F71: 83549254 | H71: 176802269
C72: 기타의대손상각비 | F72: 8081234680 | H72: 11083982201
C73: 지분법평가손실 | F73: 706134725 | H73: 2105111102
C74: 재평가손실 | F74: 0 | H74: 0
C75: 잡손실 | F75: 34999720558 | H75: 90821110652
A76: VIII. | B76: 법인세비용차감전순이익(손실) | G76: -586467268145 | I76: -538892667395
A77: IX. | B77: 법인세비용 | G77: 0 | I77: 0
A78: X. | B78: 당기순이익(손실) | G78: -586467268145 | I78: -538892667395

Sheet #3. 운영사업원가명세서
A1: 운 영 사 업 원 가 명 세 서
A2: 제 3 기 2019년 1월 1일부터 2019년 12월 31일까지
A3: 제 2 기 2018년 1월 1일부터 2018년 12월 31일까지
A5: 서울교통공사 | H5: (단위 : 원)
B6: 과 목 | E6: 제 3 기 | G6: 제 2 기
A7: Ⅰ. | B7: 인건비 | F7: 1191508772688 | H7: 1200816424028
B8: 급여 | E8: 1077508630230 | G8: 1076428943058
B9: 퇴직급여 | E9: 114000142458 | G9: 124387480970
A10: Ⅱ. | B10: 경비 | F10: 1160183357630 | H10: 1133786140596
B11: 복리후생비 | E11: 164590592600 | G11: 168795914605
B12: 여비교통비 | E12: 751873187 | G12: 916139515
B13: 수도광열비 | E13: 192766161648 | G13: 191220002342
B14: 공공요금및제세 | E14: 15708736189 | G14: 13927004092
B15: 소모품비 | E15: 4427180584 | G15: 3232901012
B16: 도서인쇄비 | E16: 1112587543 | G16: 1143280475
B17: 임차료 | E17: 1813292330 | G17: 1745015244
B18: 감가상각비 | E18: 392433981054 | G18: 389689407159
B19: 무형자산상각비 | E19: 242320248 | G19: 177035547
B20: 수선유지비 | E20: 35892553468 | G20: 34782307561
B21: 차량유지비 | E21: 485434923 | G21: 489554809
B22: 보험료 | E22: 1155176024 | G22: 1230817498
... B32: 잡비 | E32: 14390661111 | G32: 13600177721
B33: 총계 | F33: 2351692130318 | H33: 2334602564624
F34: =F33='[1]#2. 손익계산서'!F18 -> FALSE | H34: =H33='[1]#2. 손익계산서'!H18 -> FALSE
F36: =F33='#2. 손익계산서'!F18 -> TRUE | H36: =H33='#2. 손익계산서'!H18 -> TRUE

Sheet #4. 수탁사업원가명세서
A1: 수 탁 사 업 원 가 명 세 서
A2: 제 3 기 2019년 1월 1일부터 2019년 12월 31일까지
A3: 제 2 기 2018년 1월 1일부터 2018년 12월 31일까지
A5: 서울교통공사 | H5: (단위 : 원)
B6: 과 목 | E6: 제 3 기 | G6: 제 2 기
A7: Ⅰ. | B7: 인건비 | F7: 33593473923 | H7: 24871194458
B8: 급여 | E8: 30555847967 | G8: 22566230267
B9: 퇴직급여 | E9: 3037625956 | G9: 2304964191
A10: Ⅱ. | B10: 경비 | F10: 40690961485 | H10: 38651986883
B11: 복리후생비 | E11: 5708677430 | G11: 2907002215
B12: 여비교통비 | E12: 17782276 | G12: 4132270
B13: 수도광열비 | E13: 9782112089 | G13: 4609787781
B14: 공공요금및제세 | E14: 406428021 | G14: 177714272
B15: 소모품비 | E15: 1073125983 | G15: 628303443
B16: 도서인쇄비 | E16: 47596529 | G16: 39773525
B17: 임차료 | E17: 771546925 | G17: 760291098
B18: 감가상각비 | E18: 0 | G18: 0
B19: 무형자산상각비 | E19: 0 | G19: 0
B20: 수선유지비 | E20: 705369006 | G20: 583519232
B21: 차량유지비 | E21: 3948184 | G21: 2237006
B22: 보험료 | E22: 1099849980 | G22: 0
... B32: 잡비 | E32: 577364268 | G32: 535378344
B33: 일반관리비 | E33: 0 | G33: #REF!
B34: 위탁수수료 | E34: 0 | G34: #REF!
B35: 총계 | F35: 74284435408 | H35: 63523181341
F36: =F35='[1]#2. 손익계산서'!F19 -> FALSE | H36: =H35='[1]#2. 손익계산서'!H19 -> FALSE
F38: =F35='#2. 손익계산서'!F19 -> TRUE | H38: =H35='#2. 손익계산서'!H19 -> TRUE

Sheet #5. 영업비용명세서
A1: 영 업 비 용 명 세 서
A2: 제 3 기 2019년 1월 1일부터 2019년 12월 31일까지
A3: 제 2 기 2018년 1월 1일부터 2018년 12월 31일까지
A5: 서울교통공사 | H5: (단위 : 원)
B6: 과 목 | E6: 제 3 기 | G6: 제 2 기
A7: Ⅰ. | B7: 인건비 | F7: 1260178444652 | H7: 1274759496001
B8: 급여 | E8: 1139434406064 | G8: 1143403818661
B9: 퇴직급여 | E9: 120744038588 | G9: 131355677340
A10: Ⅱ. | B10: 경비 | F10: 1276868697145 | H10: 1243966052780
B11: 복리후생비 | E11: 174556899166 | G11: 179259687191
B12: 여비교통비 | E12: 1001840358 | G12: 1170350208
B13: 수도광열비 | E13: 192971706250 | G13: 191427342213
B14: 공공요금및제세 | E14: 16791255646 | G14: 15618586235
B15: 소모품비 | E15: 4843330031 | G15: 3419951348
B16: 도서인쇄비 | E16: 1364530173 | G16: 1399048228
B17: 임차료 | E17: 1969375909 | G17: 1888339138
B18: 감가상각비 | E18: 395924128790 | G18: 393027189713
B19: 무형자산상각비 | E19: 3051556626 | G19: 2657483296
B20: 수선유지비 | E20: 36070402500 | G20: 35023841644
B21: 차량유지비 | E21: 509442999 | G21: 519797247
B22: 보험료 | E22: 1167774019 | G22: 1243477930
... B34: 수탁사업원가 | E34: 74284435408 | G34: 63523181341
B35: 총계 | F35: 2537047141797 | H35: 2518725548781
F36: =F35='[1]#2. 손익계산서'!F18 -> FALSE | H36: =H35='[1]#2. 손익계산서'!H18 -> FALSE
F38: =F35='#2. 손익계산서'!G17+'#2. 손익계산서'!G24 -> TRUE | H38: =H35='#2. 손익계산서'!I17+'#2. 손익계산서'!I24 -> TRUE

Sheet #6. 자본변동표
A1: 자 본 변 동 표
A2: 제 3 기 : 2019년 1월 1일 부터 2019년 12월 31일까지
A3: 제 2 기 : 2018년 1월 1일 부터 2018년 12월 31일까지
A4: 서울교통공사 | E4: (단위 : 원)
A5: 과 목 | B5: 자 본 금 | C5: 기타포괄손익누계액 | D5: 결 손 금 | E5: 총 계
A6: I. 2018.01.01(전기초) | B6: 19526953625013 | C6: 2832006217935 | D6: -13829344864203 | E6: 8529614978745
A7: 1. 자본금의 납입 | B7: 132281600000 | C7: - | D7: - | E7: 132281600000
A8: 2. 토지의 처분 | B8: - | C8: -689893867 | D8: - | E8: -689893867
A9: 3. 매도가능증권의 처분 | B9: - | C9: 7530770 | D9: - | E9: 7530770
A10: 4. 당기순손실 | B10: - | C10: - | D10: -538892667395 | E10: -538892667395
A11: II. 2018.12.31.(전기말) | B11: 19659235225013 | C11: 2831323854838 | D11: -14368237531598 | E11: 8122321548253
A12: III. 2019.01.01(당기초) | B12: 19659235225013 | C12: 2831323854838 | D12: -14368237531598 | E12: 8122321548253
A13: 1. 자본금의 납입 | B13: 182834500000 | C13: - | D13: - | E13: 182834500000
A14: 2. 출자전환 | B14: 834865664434 | C14: - | D14: - | E14: 834865664434
A15: 3. 매도가능증권평가이익 | B15: - | C15: 20194020 | D15: - | E15: 20194020
A16: 4. 당기순손실 | B16: - | C16: - | D16: -586467268145 | E16: -586467268145
A17: IV. 2019.12.31.(당기말) | B17: 20676935389447 | C17: 2831344048858 | D17: -14954704799743 | E17: 8553574638562

Sheet #7. 현금흐름표
A1: 현 금 흐 름 표
A2: 제 3 기 : 2019년 1월 1일 부터 2019년 12월 31일까지
A3: 제 2 기 : 2018년 1월 1일 부터 2018년 12월 31일까지
A4: 서울교통공사 | E4: (단위 : 원)
A5: 과 목 | B5: 제 3 기 | D5: 제 2 기
A6: Ⅰ. 영업활동으로인한현금흐름 | C6: -101311481782 | E6: -170032935845
A7: 1. 당기순손실 | B7: -586467268145 | D7: -538892667395
A8: 2. 현금의유출이없는비용등의가산 | B8: 539767159185 | D8: 559059327640
A9: 가.퇴직급여 | B9: 123781664544 | D9: 133660641531
A10: 나.감가상각비 | B10: 395924128790 | D10: 393027189713
A11: 다.유형자산처분손실 | B11: - | D11: 4057922
A12: 라.무형자산상각비 | B12: 3051556626 | D12: 2657483296
A13: 마.대손상각비 | B13: 5200984575 | D13: 7595948075
A14: 바.이자비용 | B14: 245762394 | D14: 319887494
A15: 사.재고자산폐기손실 | B15: - | D15: 1366165850
A16: 아.재고자산처분손실 | B16: 40484242 | D16: -
A17: 자.유형자산손상차손 | B17: 166510105 | D17: 177740352
A18: 차.유형자산폐기손실 | B18: 2186805495 | D18: 6879095457
A19: 카.무형자산손상차손 | B19: 83549254 | D19: 176802269
A20: 타.투자자산처분손실 | B20: 298343755 | D20: 5222378
A21: 파.기타의대손상각비 | B21: 8081234680 | D21: 11083982201
A22: 하.지분법평가손실 | B22: 706134725 | D22: 2105111102
A23: 3. 현금의유입이없는수익등의차감 | B23: -23882208124 | D23: -132938622351
A24: 가.폐품매각수익 | B24: 1828803148 | D24: 54010370
A25: 나.유형자산처분이익 | B25: 644493450 | D25: 2638044239
A26: 다.채무면제이익 | B26: - | D26: 706955969
A27: 라.자산수증이익 | B27: 13567301683 | D27: 123977245538
A28: 마.지분법평가이익 | B28: 7841607843 | D28: 5559907735
A29: 바.기타의대손충당금환입 | B29: - | D29: 2458500
A30: 사.잡이익 | B30: 2000 | D30: -
A31: 4. 영업활동으로인한자산부채의변동 | B31: -30729164698 | D31: -57260973739
A32: 가.매출채권의 감소(증가) | B32: 5223232023 | D32: -19645875608
A33: 나.미수금의 증가 | B33: -12120224172 | D33: -13732872365
A34: 다.미수수익의 감소(증가) | B34: -445733 | D34: 91357169
A35: 라.선급금의 증가 | B35: -4987389253 | D35: -4398742959
A36: 마.선급비용의 감소 | B36: 50806449 | D36: 442554208
A37: 바.당기법인세자산의 감소(증가) | B37: 495200356 | D37: -449541870
A38: 사.기타의당좌자산의 감소(증가) | B38: 815723014 | D38: -1139091074
A39: 아.재고자산의 감소 | B39: 1539087153 | D39: 8701623083
A40: 자.미지급금의 증가(감소) | B40: -7999546963 | D40: 64159344209
A41: 차.선수금의 증가(감소) | B41: -15466492912 | D41: 16439732561
A42: 카.예수금의 증가 | B42: 11263881926 | D42: 7356130542
... A48: 더.기타유동부채의 증가(감소) | B48: -71301701 | D48: 136322271
A49: 러.장기미지급금의 감소 | B49: -3075632620 | D49: -
A50: 머.장기미지급비용의 증가(감소) | B50: 31788414257 | D50: -6938327721
A51: 버.퇴직금의 지급 | B51: -130477920609 | D51: -134162632201
A52: 서.국민연금전환금의 감소 | B52: 25170600 | D52: 31132400
A53: Ⅱ. 투자활동으로인한현금흐름 | C53: -435164227211 | E53: -404076137576
A54: 1. 투자활동으로인한현금유입액 | B54: 29144330134 | D54: 20542399561
A55: 가.매도가능금융자산의 감소 | B55: - | D55: 87988662
A56: 나.단기대여금의 감소 | B56: 2570654530 | D56: -
A57: 다.장기대여금의 감소 | B57: 16075734597 | D57: 14733629105
A58: 라.지분법적용투자주식의 처분 | B58: 7146909915 | D58: 200000000
A59: 마.토지의 처분 | B59: - | D59: 3184212450
A60: 바.전로설비의 처분 | B60: - | D60: 177740352
A61: 사.보증금의 감소 | B61: 85000000 | D61: 130000000
A62: 아.기타의비유동자산의 감소 | B62: 3266031092 | D62: 2028828992
A63: 2. 투자활동으로인한현금유출액 | B63: -464308557345 | D63: -424618537137
A64: 가.장기대여금의 증가 | B64: 13291816795 | D64: 8228430850
A65: 나.지분법적용투자주식의 취득 | B65: - | D65: 5000000000
A66: 다.토지의 취득 | B66: 373060600 | D66: 2000000
A67: 라.건물의 취득 | B67: 5023614289 | D67: 5142882659
A68: 마.선로설비의 취득 | B68: 95264658906 | D68: 21697880607
A69: 바.전로설비의 취득 | B69: 72550732525 | D69: 22193210130
A70: 사.기계장치의 취득 | B70: 2794256899 | D70: 2365406868
A71: 아.전동차량의 취득 | B71: 63686566834 | D71: 736575000
A72: 자.차량운반구의 취득 | B72: 312670540 | D72: 144271750
A73: 차.공기구비품의 취득 | B73: 14292647935 | D73: 5517235440
A74: 카.기타의유형자산의 취득 | B74: 104109000 | D74: 99740878
A75: 타.건설중인자산의 증가 | B75: 194918002818 | D75: 351960160418
A76: 파.유형수탁자산의 취득 | B76: 1619795619 | D76: -
A77: 하.무형수탁자산의 취득 | B77: 61624585 | D77: -
A78: 거.산업재산권의 취득 | B78: - | D78: 21968900
A79: 너.소프트웨어의 취득 | B79: - | D79: 1123230037
A80: 더. 매도가능금융자산의 취득 | B80: - | D80: 380543600
A81: 러. 보증금의 증가 | B81: 15000000 | D81: 5000000
A82: Ⅲ. 재무활동으로인한현금흐름 | C82: 455972296151 | E82: 625475269208
A83: 1. 재무활동으로인한현금유입액 | B83: 717520890792 | D83: 1144621542523
A84: 가.공채의 발행 | B84: 123375730000 | D84: 505381590000
A85: 나.사채의 발행 | B85: 179959688400 | D85: 350000000000
A86: 다.장기차입금의 차입 | B86: 175000000000 | D86: 70000000000
A87: 라.기타비유동부채의 증가 | B87: 15042996667 | D87: 2961310223
A88: 마.자본금의 증가 | B88: 182834500000 | D88: 132281600000
A89: 바.정부보조금의 수령 | B89: 38614917032 | D89: 83997042300
A90: 사.수탁자산취득보조금의 수령 | B90: 2693058693 | D90: -
A91: 2. 재무활동으로인한현금유출액 | B91: -261548594641 | D91: -519146273315
A92: 가. 유동성장기부채의 상환 | B92: 209772194036 | D92: 519146273315
A93: 나. 기타비유동부채의 감소 | B93: 25987293358 | D93: -
A94: 다. 정부보조금의 상환 | B94: 25789107247 | D94: -
A95: Ⅳ. 현금의증가(Ⅰ+Ⅱ+Ⅲ) | C95: -80503412842 | E95: 51366195787
A96: Ⅴ. 기초의현금 | C96: 273060463855 | E96: 221694268068
A97: Ⅵ. 기말의현금 | C97: 192557051013 | E97: 273060463855

Sheet #8. 합계잔액시산표
A1: 합 계 잔 액 시 산 표
A3: 서울교통공사 | E3: (단위:원)
A4: 잔액 | B4: 차변 | C4: 계정과목 | D4: 대변 | E4: 잔액
A5: 3534887340 | B5: 429403554053 | C5: 현금 | D5: 425868666713 | E5: 0
A6: 0 | B6: 730352800000 | C6: 당좌예금 | D6: 730352800000 | E6: 0
A7: 26974607810 | B7: 25662020249515 | C7: 보통예금 | D7: 25635045641705 | E7: 0
A8: 3296657653 | B8: 6209155824 | C8: 기업자유예금 | D8: 2912498171 | E8: 0
A9: 158750898210 | B9: 10152049446180 | C9: 현금성자산 | D9: 9993298547970 | E9: 0
A10: 0 | B10: 141579779993 | C10: 국고보조금 | D10: 241584637437 | E10: 100004857444
A11: 0 | B11: 3217327461 | C11: 수탁자산취득보조금 | D11: 6721208074 | E11: 3503880613
A12: 76086314824 | B12: 2137486688555 | C12: 외상매출금 | D12: 2061400373731 | E12: 0
A13: 0 | B13: 386055410 | C13: 대손충당금 | D13: 14170204373 | E13: 13784148963
A14: 1915569210 | B14: 4486223740 | C14: 단기대여금 | D14: 2570654530 | E14: 0
A15: 36074228163 | B15: 220381539289 | C15: 미수금 | D15: 184307311126 | E15: 0
A16: 0 | B16: 40542500 | C16: 대손충당금 | D16: 22831912723 | E16: 22791370223
... A21: 446177534 | B21: 1342807210 | C21: 선급법인세 | D21: 896629676 | E21: 0
A22: 41697081 | B22: 41697081 | C22: 선급지방세 | D22: 0
A23: 1468617124 | B23: 148077127455 | C23: 기타의당좌자산 | D23: 146608510331 | E23: 0
A24: 52989011274 | B24: 126544066858 | C24: 저장품 | D24: 73555055584 | E24: 0
A25: 5394684008 | B25: 11783224777 | C25: 미착품 | D25: 6388540769 | E25: 0
A26: 400737620 | B26: 400737620 | C26: 매도가능증권 | D26: 0 | E26: 0
A27: 55961110540 | B27: 72036845137 | C27: 장기대여금 | D27: 16075734597 | E27: 0
A28: 19327606148 | B28: 32008415284 | C28: 지분법적용투자주식 | D28: 12680809136 | E28: 0
A29: 3520085114300 | B29: 3520085114300 | C29: 토지 | D29: 0 | E29: 0
A30: 452542702541 | B30: 508312098801 | C30: 건물 | D30: 55769396260 | E30: 0
A31: 0 | B31: 51791834179 | C31: 감가상각누계액 | D31: 350433951746 | E31: 298642117567
A32: 0 | B32: 82107638 | C32: 국고보조금 | D32: 753196107 | E32: 671088469
A33: 147325705 | B33: 202018417 | C33: 국고/감가상각누계액 | D33: 54692712 | E33: 0
A34: 92695433375 | B34: 98883693404 | C34: 기계장치 | D34: 6188260029 | E34: 0
... A116: 0 | B116: 0 | C116: 출자준비금 | D116: 1806666340 | E116: 1806666340
C117: 매도가능증권평가차손익 | D117: 20194020 | E117: 20194020
C118: 재평가잉여금 | D118: 2831323854838 | E118: 2831323854838
A119: 14368237531598 | B119: 14368237531598 | C119: 미처분이익잉여금(미처리결손금) | D119: 0 | E119: 0
A120: 0 | B120: 15747409440 | C120: 회계변경누적효과 | D120: 15747409440 | E120: 0
A121: 0 | B121: 0 | C121: 운수사업수익 | D121: 1636749394102 | E121: 1636749394102
A122: 0 | B122: 0 | C122: 부대사업수익 | D122: 201708041379 | E122: 201708041379
A123: 0 | B123: 0 | C123: 기타사업수익 | D123: 91901531610 | E123: 91901531610
A124: 0 | B124: 0 | C124: 대행사업수익 | D124: 74284435408 | E124: 74284435408
C125: 매출원가
A126: 1077508630230 | B126: 1077508630230 | C126: 급여 | D126: 0 | E126: 0
A127: 114000142458 | B127: 114000142458 | C127: 퇴직급여 | D127: 0 | E127: 0
A128: 164590592600 | B128: 164590592600 | C128: 복리후생비 | D128: 0 | E128: 0
A129: 751873187 | B129: 751873187 | C129: 여비교통비 | D129: 0 | E129: 0
A130: 192766161648 | B130: 192766161648 | C130: 수도광열비 | D130: 0 | E130: 0
A131: 15708736189 | B131: 15708736189 | C131: 공공요금 및 제세 | D131: 0 | E131: 0
A132: 4427180584 | B132: 4427180584 | C132: 소모품비 | D132: 0 | E132: 0
A133: 1112587543 | B133: 1112587543 | C133: 도서인쇄비 | D133: 0 | E133: 0
A134: 1813292330 | B134: 1813292330 | C134: 임차료 | D134: 0 | E134: 0
A135: 392433981054 | B135: 392433981054 | C135: 감가상각비 | D135: 0 | E135: 0
A136: 242320248 | B136: 242320248 | C136: 무형자산상각비 | D136: 0 | E136: 0
A137: 35892553468 | B137: 35892553468 | C137: 수선유지비 | D137: 0 | E137: 0
... A149: 0 | B149: 471371651779 | C149: 자본투자비 | D149: 471371651779 | E149: 0
C150: 수탁사업원가
A151: 30555847967 | B151: 30555847967 | C151: 급여 | D151: 0 | E151: 0
A152: 3037625956 | B152: 3037625956 | C152: 퇴직급여 | D152: 0 | E152: 0
A153: 5708677430 | B153: 5708677430 | C153: 복리후생비 | D153: 0 | E153: 0
A154: 17782276 | B154: 17782276 | C154: 여비교통비 | D154: 0 | E154: 0
A155: 9782112089 | B155: 9782112089 | C155: 수도광열비 | D155: 0 | E155: 0
A156: 406428021 | B156: 406428021 | C156: 공공요금 및 제세 | D156: 0 | E156: 0
A157: 1073125983 | B157: 1073125983 | C157: 소모품비 | D157: 0 | E157: 0
A158: 47596529 | B158: 47596529 | C158: 도서인쇄비 | D158: 0 | E158: 0
A159: 771546925 | B159: 771546925 | C159: 임차료 | D159: 0 | E159: 0
A160: 1099849980 | B160: 1099849980 | C160: 보험료 | D160: 0 | E160: 0
A161: 3948184 | B161: 3948184 | C161: 차량유지비
A162: 705369006 | B162: 705369006 | C162: 수선유지비
A163: 20362701224 | B163: 20362701224 | C163: 지급수수료 | D163: 0 | E163: 0
A164: 9595840 | B164: 9595840 | C164: 업무추진비 | D164: 0 | E164: 0
A165: 1320335 | B165: 1320335 | C165: 광고선전비 | D165: 0 | E165: 0
A166: 92200131 | B166: 92200131 | C166: 교육훈련비 | D166: 0 | E166: 0
A167: 29880644 | B167: 29880644 | C167: 포상비 | D167: 0 | E167: 0
A168: 776000 | B168: 776000 | C168: 피해보상비 | D168: 0 | E168: 0
A169: 686620 | B169: 686620 | C169: 경상연구개발비 | D169: 0 | E169: 0
A170: 577364268 | B170: 577364268 | C170: 잡비 | D170: 0 | E170: 0
C171: 판매관리비
A172: 61925775834 | B172: 61925775834 | C172: 급여 | D172: 0 | E172: 0
A173: 6743896130 | B173: 6743896130 | C173: 퇴직급여 | D173: 0 | E173: 0
A174: 9966306566 | B174: 9966306566 | C174: 복리후생비 | D174: 0 | E174: 0
A175: 249967171 | B175: 249967171 | C175: 여비교통비 | D175: 0 | E175: 0
A176: 1082519457 | B176: 1082519457 | C176: 공공요금 및 제세 | D176: 0 | E176: 0
A177: 205544602 | B177: 205544602 | C177: 수도광열비 | D177: 0 | E177: 0
A178: 416149447 | B178: 416149447 | C178: 소모품비 | D178: 0 | E178: 0
A179: 251942630 | B179: 251942630 | C179: 도서인쇄비 | D179: 0 | E179: 0
A180: 156083579 | B180: 156083579 | C180: 임차료 | D180: 0 | E180: 0
A181: 3490147736 | B181: 3490147736 | C181: 감가상각비 | D181: 0 | E181: 0
A182: 2809236378 | B182: 2809236378 | C182: 무형자산상각비 | D182: 0 | E182: 0
A183: 177849032 | B183: 177849032 | C183: 수선유지비 | D183: 0 | E183: 0
... A193: 335728819 | B193: 335728819 | C193: 경상연구개발비 | D193: 0 | E193: 0
A194: 5200984575 | B194: 5200984575 | C194: 대손상각비
A195: 1213235052 | B195: 1213235052 | C195: 잡비 | D195: 0 | E195: 0
A196: 0 | B196: 633554309 | C196: 이자수익 | D196: 3019053142 | E196: 2385498833
A197: 0 | B197: 2285850620 | C197: 폐품매각수익 | D197: 4114653768 | E197: 1828803148
A198: 0 | B198: 542805 | C198: 수입위약배상금 | D198: 2954642406 | E198: 2954099601
A199: 0 | B199: 0 | C199: 유형자산처분이익 | D199: 644493450 | E199: 644493450
A200: 0 | B200: 0 | C200: 자산수증이익 | D200: 13567301683 | E200: 13567301683
A201: 0 | B201: 60000000 | C201: 수입보조금 | D201: 60000000 | E201: 0
A202: 0 | B202: 0 | C202: 지분법이익 | D202: 7841607843 | E202: 7841607843
A203: 0 | B203: 0 | C203: 잡이익 | D203: 21179180775 | E203: 21179180775
A204: 57821731366 | B204: 82599718899 | C204: 이자비용 | D204: 24777987533 | E204: 0
A205: 40484242 | B205: 798611008 | C205: 재고자산폐기손실 | D205: 758126766 | E205: 0
A206: 80000000 | B206: 80000000 | C206: 기부금 | D206: 0 | E206: 0
...
